-- phpMyAdmin SQL Dump
-- version 4.7.4
-- https://www.phpmyadmin.net/
--
-- Host: 127.0.0.1
-- Generation Time: Dec 20, 2023 at 06:04 AM
-- Server version: 10.1.26-MariaDB
-- PHP Version: 7.1.9

SET SQL_MODE = "NO_AUTO_VALUE_ON_ZERO";
SET AUTOCOMMIT = 0;
START TRANSACTION;
SET time_zone = "+00:00";


/*!40101 SET @OLD_CHARACTER_SET_CLIENT=@@CHARACTER_SET_CLIENT */;
/*!40101 SET @OLD_CHARACTER_SET_RESULTS=@@CHARACTER_SET_RESULTS */;
/*!40101 SET @OLD_COLLATION_CONNECTION=@@COLLATION_CONNECTION */;
/*!40101 SET NAMES utf8mb4 */;

--
-- Database: `gtms`
--

-- --------------------------------------------------------

--
-- Table structure for table `access`
--

CREATE TABLE `access` (
  `id` int(11) NOT NULL,
  `system_name` varchar(50) NOT NULL,
  `access` varchar(20) NOT NULL,
  `link` varchar(50) NOT NULL
) ENGINE=InnoDB DEFAULT CHARSET=latin1;

--
-- Dumping data for table `access`
--

INSERT INTO `access` (`id`, `system_name`, `access`, `link`) VALUES
(1, 'GTMS', 'admin', '../admin/index.php'),
(2, 'GTMS', 'employee', '../employee/index.php'),
(3, 'GTMS', 'head', '../head/index.php');

-- --------------------------------------------------------

--
-- Table structure for table `accounts`
--

CREATE TABLE `accounts` (
  `id` int(11) NOT NULL,
  `card` int(15) NOT NULL,
  `username` varchar(50) NOT NULL,
  `password` varchar(50) NOT NULL,
  `fname` varchar(50) NOT NULL,
  `lname` varchar(50) NOT NULL,
  `email` varchar(50) NOT NULL,
  `access` varchar(50) NOT NULL,
  `sec_id` varchar(20) NOT NULL,
  `status` tinyint(1) NOT NULL
) ENGINE=InnoDB DEFAULT CHARSET=latin1;

--
-- Dumping data for table `accounts`
--

INSERT INTO `accounts` (`id`, `card`, `username`, `password`, `fname`, `lname`, `email`, `access`, `sec_id`, `status`) VALUES
(1, 0, 'ADMIN', 'admin123', 'SYSTEM', 'ADMIN', 'b.solomon@glory.com.ph', '1', 'SK', 1),
(2, 10013109, 'OBUGARIN', '12345', 'OLIVE', 'BUGARIN', 'o.bugarin@glory.com.ph', '2', 'SK', 1),
(3, 0, 'KMARERO', '12345', 'KEVIN', 'MARERO', 'mis.support@glory.com.ph', '2', 'MIS', 1),
(4, 0, 'FRAMIREZ', '12345', 'FRANCIS', 'RAMIREZ', 'f.ramirez@glory.com.ph', '2', 'FEM', 1),
(5, 0, 'JNEMEDEZ', '12345', 'JONATHAN', 'NEMEDEZ', 'j.nemedez@glory.com.ph', '3', 'MIS', 1),
(6, 14456178, 'BSOLOMON', '12345', 'BOBBY JOHN', 'SOLOMON', 'b.solomon@glory.com.ph', '2', 'SK', 1),
(7, 0, 'ANEGRITE', '12345', 'ANTON', 'NEGRITE', 'a.negrite@glory.com.ph', '2', 'FEM', 1),
(8, 0, 'JSIERRA', '12345', 'JOHN CARLO', 'SIERRA', 'jc.sierra@glory.com.ph', '2', 'FEM', 1),
(9, 0, 'FAPIL', '12345', 'FRANK', 'APIL', 'f.apil@glory.com.ph', '2', 'FEM', 1),
(10, 0, 'RMAGAT', '12345', 'ROEL', 'MAGAT', 'r.magat@glory.com.ph', '2', 'FEM', 1),
(11, 0, 'TESCAMILLAS', '12345', 'TRICY', 'ESCAMILLAS', 't.escamillas@glory.com.ph', '2', 'FEM', 1),
(12, 0, 'JNATUEL', '111111', 'JONATHAN', 'NATUEL', 'j.natuel@glorylocal.com.ph', '2', 'FEM', 1),
(13, 0, 'RPARMA', '12345', 'RALPH GABRIEL', 'PARMA', 'r.parma@glorylocal.com.ph', '2', 'FEM', 1),
(14, 0, 'FVIVO', '12345', 'FELMHAR', 'VIVO', 'mis@glory.com.ph', '2', 'MIS', 1),
(15, 0, 'COROZO', '12345', 'CEDRICK JAMES', 'OROZO', 'mis.dev@glory.com.ph', '2', 'MIS', 1),
(16, 0, 'YDAGANTA', '12345', 'YOSHIYUKI JOHN', 'DAGANTA', '', '2', 'MIS', 1),
(17, 0, 'MARAGON', '122098', 'MARK ELY', 'ARAGON', '', '2', 'MIS', 1),
(18, 0, 'ADOMO', 'd0m0', 'AILEEN', 'DOMO', '', '2', 'MIS', 1),
(19, 0, 'ELUMAGUI', '12345', 'EDVIR', 'LUMAGUI', '', '2', 'FEM', 1),
(20, 0, 'JRONDERO', '12345', 'JENMARK', 'RONDERO', '', '2', 'FEM', 1),
(21, 0, 'MBUENAVIDES', '12345', 'MARK JHASE', 'BUENAVIDES', '', '2', 'FEM', 1),
(22, 0, 'JALCALA', '12345', 'JANSEL', 'ALCALA', '', '2', 'FEM', 1),
(23, 0, 'MLOPEZ', '12345', 'MARK LAWRENCE', 'LOPEZ', '', '2', 'FEM', 1),
(24, 14608349, 'CLOPEZ', '120623', 'CHRISTIAN JOHN', 'LOPEZ', 'c.lopez@glorylocal.com.ph', '2', 'SK', 1);

-- --------------------------------------------------------

--
-- Table structure for table `attendance`
--

CREATE TABLE `attendance` (
  `id` int(11) NOT NULL,
  `card` varchar(15) NOT NULL,
  `date` date NOT NULL
) ENGINE=InnoDB DEFAULT CHARSET=latin1;

--
-- Dumping data for table `attendance`
--

INSERT INTO `attendance` (`id`, `card`, `date`) VALUES
(1, '14456178', '2023-12-18'),
(2, '14456178', '2023-12-19'),
(3, '14456178', '2023-12-16'),
(7, '10013109', '2023-12-20'),
(8, '10013109', '2023-12-19'),
(9, '10013109', '2023-12-18'),
(10, '10013109', '2023-12-17');

-- --------------------------------------------------------

--
-- Table structure for table `day_off`
--

CREATE TABLE `day_off` (
  `id` int(11) NOT NULL,
  `date_off` date NOT NULL,
  `status` tinyint(1) NOT NULL
) ENGINE=InnoDB DEFAULT CHARSET=latin1;

--
-- Dumping data for table `day_off`
--

INSERT INTO `day_off` (`id`, `date_off`, `status`) VALUES
(1, '2023-11-28', 1),
(2, '2023-12-08', 1),
(3, '2023-12-09', 1),
(4, '2023-12-11', 0),
(5, '2023-12-07', 0),
(6, '2023-12-11', 1);

-- --------------------------------------------------------

--
-- Table structure for table `section`
--

CREATE TABLE `section` (
  `id` int(11) NOT NULL,
  `sec_id` varchar(20) NOT NULL,
  `sec_name` varchar(50) NOT NULL,
  `status` tinyint(1) NOT NULL
) ENGINE=InnoDB DEFAULT CHARSET=latin1;

--
-- Dumping data for table `section`
--

INSERT INTO `section` (`id`, `sec_id`, `sec_name`, `status`) VALUES
(1, 'SK', 'SYSTEM KAIZEN', 1),
(2, 'MIS', 'MANAGEMENT INFORMATION SYSTEM', 1),
(3, 'FEM', 'FACILITIES AND EQUIPMENT MAINTENANCE', 1);

-- --------------------------------------------------------

--
-- Table structure for table `tasks`
--

CREATE TABLE `tasks` (
  `id` int(50) NOT NULL,
  `task_code` varchar(150) NOT NULL,
  `in_charge` varchar(150) NOT NULL
) ENGINE=InnoDB DEFAULT CHARSET=latin1;

--
-- Dumping data for table `tasks`
--

INSERT INTO `tasks` (`id`, `task_code`, `in_charge`) VALUES
(1, 'SK-TD-000001', 'OBUGARIN'),
(2, 'SK-TD-000002', 'BSOLOMON'),
(3, 'SK-TD-000003', 'OBUGARIN'),
(4, 'SK-TD-000004', 'BSOLOMON'),
(5, 'SK-TD-000005', 'CLOPEZ'),
(6, 'SK-TD-000006', 'OBUGARIN'),
(7, 'SK-TD-000007', 'BSOLOMON'),
(8, 'SK-TD-000008', 'OBUGARIN'),
(9, 'SK-TD-000009', 'BSOLOMON'),
(10, 'SK-TD-000010', 'CLOPEZ'),
(11, 'SK-TD-000011', 'OBUGARIN'),
(12, 'SK-TD-000012', 'BSOLOMON'),
(13, 'SK-TD-000013', 'OBUGARIN'),
(14, 'SK-TD-000014', 'BSOLOMON'),
(15, 'SK-TD-000015', 'CLOPEZ'),
(16, 'SK-TD-000016', 'BSOLOMON'),
(17, 'SK-TD-000017', 'OBUGARIN'),
(18, 'SK-TD-000018', 'BSOLOMON'),
(19, 'SK-TD-000019', 'CLOPEZ'),
(20, 'FEM-TD-000001', 'TESCAMILLAS'),
(21, 'FEM-TD-000002', 'JALCALA'),
(22, 'FEM-TD-000003', 'JALCALA'),
(23, 'FEM-TD-000004', 'JALCALA'),
(24, 'FEM-TD-000005', 'JNATUEL'),
(25, 'FEM-TD-000006', 'JRONDERO'),
(26, 'FEM-TD-000007', 'ELUMAGUI'),
(27, 'FEM-TD-000008', 'TESCAMILLAS'),
(28, 'FEM-TD-000009', 'JALCALA'),
(29, 'FEM-TD-000010', 'JALCALA'),
(30, 'FEM-TD-000011', 'JALCALA'),
(31, 'FEM-TD-000012', 'JNATUEL'),
(32, 'FEM-TD-000013', 'MBUENAVIDES'),
(33, 'FEM-TD-000014', 'MBUENAVIDES'),
(34, 'FEM-TD-000015', 'MBUENAVIDES'),
(35, 'FEM-TD-000016', 'RPARMA'),
(36, 'FEM-TD-000017', 'ELUMAGUI'),
(37, 'FEM-TD-000018', 'JRONDERO'),
(38, 'FEM-TD-000019', 'TESCAMILLAS'),
(39, 'FEM-TD-000020', 'JALCALA'),
(40, 'FEM-TD-000021', 'JALCALA'),
(41, 'FEM-TD-000022', 'JALCALA'),
(42, 'FEM-TD-000023', 'JNATUEL'),
(43, 'FEM-TD-000024', 'MBUENAVIDES'),
(44, 'FEM-TD-000025', 'MBUENAVIDES'),
(45, 'FEM-TD-000026', 'MBUENAVIDES'),
(46, 'FEM-TD-000027', 'JRONDERO'),
(47, 'FEM-TD-000028', 'ELUMAGUI'),
(48, 'FEM-TD-000029', 'RPARMA'),
(49, 'FEM-TD-000030', 'TESCAMILLAS'),
(50, 'FEM-TD-000031', 'JALCALA'),
(51, 'FEM-TD-000032', 'JALCALA'),
(52, 'FEM-TD-000033', 'JALCALA'),
(53, 'FEM-TD-000034', 'MBUENAVIDES'),
(54, 'FEM-TD-000035', 'MBUENAVIDES'),
(55, 'FEM-TD-000036', 'MBUENAVIDES'),
(56, 'FEM-TD-000037', 'ELUMAGUI'),
(57, 'FEM-TD-000038', 'JRONDERO'),
(58, 'FEM-TD-000039', 'RPARMA'),
(59, 'MIS-TD-000001', 'FVIVO'),
(60, 'MIS-TD-000002', 'FVIVO'),
(61, 'MIS-TD-000003', 'FVIVO'),
(62, 'MIS-TD-000004', 'FVIVO'),
(63, 'MIS-TD-000005', 'FVIVO'),
(64, 'MIS-TD-000006', 'FVIVO'),
(65, 'MIS-TD-000007', 'FVIVO'),
(66, 'MIS-TD-000008', 'FVIVO'),
(67, 'MIS-TD-000009', 'FVIVO'),
(68, 'MIS-TD-000010', 'FVIVO'),
(69, 'MIS-TD-000011', 'FVIVO'),
(70, 'MIS-TD-000012', 'FVIVO'),
(71, 'MIS-TD-000013', 'FVIVO'),
(72, 'MIS-TD-000014', 'FVIVO'),
(73, 'MIS-TD-000015', 'FVIVO'),
(74, 'MIS-TD-000016', 'FVIVO'),
(75, 'MIS-TD-000017', 'FVIVO'),
(76, 'MIS-TD-000018', 'FVIVO'),
(77, 'MIS-TD-000019', 'FVIVO'),
(78, 'MIS-TD-000020', 'FVIVO'),
(79, 'MIS-TD-000021', 'FVIVO'),
(80, 'MIS-TD-000022', 'FVIVO'),
(81, 'MIS-TD-000023', 'FVIVO'),
(82, 'MIS-TD-000024', 'FVIVO'),
(83, 'MIS-TD-000025', 'FVIVO'),
(84, 'MIS-TD-000026', 'FVIVO'),
(85, 'MIS-TD-000027', 'FVIVO'),
(86, 'MIS-TD-000028', 'FVIVO'),
(87, 'MIS-TD-000029', 'FVIVO'),
(88, 'MIS-TD-000030', 'FVIVO'),
(89, 'MIS-TD-000031', 'FVIVO'),
(90, 'MIS-TD-000032', 'FVIVO'),
(91, 'MIS-TD-000033', 'FVIVO'),
(92, 'MIS-TD-000034', 'FVIVO'),
(93, 'MIS-TD-000035', 'FVIVO'),
(94, 'MIS-TD-000036', 'FVIVO'),
(95, 'MIS-TD-000037', 'FVIVO'),
(96, 'MIS-TD-000038', 'FVIVO'),
(97, 'MIS-TD-000039', 'FVIVO'),
(98, 'MIS-TD-000040', 'FVIVO'),
(99, 'MIS-TD-000041', 'KMARERO'),
(100, 'MIS-TD-000042', 'KMARERO'),
(101, 'MIS-TD-000043', 'KMARERO'),
(102, 'MIS-TD-000044', 'KMARERO'),
(103, 'MIS-TD-000045', 'KMARERO'),
(104, 'MIS-TD-000046', 'KMARERO'),
(105, 'MIS-TD-000047', 'KMARERO'),
(106, 'MIS-TD-000048', 'KMARERO'),
(107, 'MIS-TD-000049', 'KMARERO'),
(108, 'MIS-TD-000050', 'KMARERO'),
(109, 'MIS-TD-000051', 'KMARERO'),
(110, 'MIS-TD-000052', 'KMARERO'),
(111, 'MIS-TD-000053', 'KMARERO'),
(112, 'MIS-TD-000054', 'KMARERO'),
(113, 'MIS-TD-000055', 'KMARERO'),
(114, 'MIS-TD-000056', 'KMARERO'),
(115, 'MIS-TD-000057', 'KMARERO'),
(116, 'MIS-TD-000058', 'KMARERO'),
(117, 'MIS-TD-000059', 'KMARERO'),
(118, 'MIS-TD-000060', 'KMARERO'),
(119, 'MIS-TD-000061', 'KMARERO'),
(120, 'MIS-TD-000062', 'KMARERO'),
(121, 'MIS-TD-000063', 'KMARERO'),
(122, 'MIS-TD-000064', 'KMARERO'),
(123, 'MIS-TD-000065', 'KMARERO'),
(124, 'MIS-TD-000066', 'KMARERO'),
(125, 'MIS-TD-000067', 'KMARERO'),
(126, 'MIS-TD-000068', 'KMARERO'),
(127, 'MIS-TD-000069', 'KMARERO'),
(128, 'MIS-TD-000070', 'KMARERO'),
(129, 'MIS-TD-000071', 'KMARERO'),
(130, 'MIS-TD-000072', 'KMARERO'),
(131, 'MIS-TD-000073', 'KMARERO'),
(132, 'MIS-TD-000074', 'KMARERO'),
(133, 'MIS-TD-000075', 'KMARERO'),
(134, 'MIS-TD-000076', 'KMARERO'),
(135, 'MIS-TD-000077', 'KMARERO'),
(136, 'MIS-TD-000078', 'KMARERO'),
(137, 'MIS-TD-000079', 'KMARERO'),
(138, 'MIS-TD-000080', 'KMARERO'),
(139, 'MIS-TD-000081', 'KMARERO'),
(140, 'MIS-TD-000082', 'KMARERO'),
(141, 'MIS-TD-000083', 'KMARERO'),
(142, 'MIS-TD-000084', 'KMARERO'),
(143, 'MIS-TD-000085', 'KMARERO'),
(144, 'MIS-TD-000086', 'KMARERO'),
(145, 'MIS-TD-000087', 'KMARERO'),
(146, 'MIS-TD-000088', 'KMARERO'),
(147, 'MIS-TD-000089', 'COROZO'),
(148, 'MIS-TD-000090', 'COROZO'),
(149, 'MIS-TD-000091', 'COROZO'),
(150, 'MIS-TD-000092', 'COROZO'),
(151, 'MIS-TD-000093', 'COROZO'),
(152, 'MIS-TD-000094', 'COROZO'),
(153, 'MIS-TD-000095', 'COROZO'),
(154, 'MIS-TD-000096', 'COROZO'),
(155, 'MIS-TD-000097', 'COROZO'),
(156, 'MIS-TD-000098', 'COROZO'),
(157, 'MIS-TD-000099', 'COROZO'),
(158, 'MIS-TD-000100', 'COROZO'),
(159, 'MIS-TD-000101', 'COROZO'),
(160, 'MIS-TD-000102', 'COROZO'),
(161, 'MIS-TD-000103', 'COROZO'),
(162, 'MIS-TD-000104', 'COROZO'),
(163, 'MIS-TD-000105', 'COROZO'),
(164, 'MIS-TD-000106', 'COROZO'),
(165, 'MIS-TD-000107', 'COROZO'),
(166, 'MIS-TD-000108', 'COROZO'),
(167, 'MIS-TD-000109', 'COROZO'),
(168, 'MIS-TD-000110', 'COROZO'),
(169, 'MIS-TD-000111', 'COROZO'),
(170, 'MIS-TD-000112', 'COROZO'),
(171, 'MIS-TD-000113', 'COROZO'),
(172, 'MIS-TD-000114', 'COROZO'),
(173, 'MIS-TD-000115', 'COROZO'),
(174, 'MIS-TD-000116', 'COROZO'),
(175, 'MIS-TD-000117', 'COROZO'),
(176, 'MIS-TD-000118', 'COROZO'),
(177, 'MIS-TD-000119', 'COROZO'),
(178, 'MIS-TD-000120', 'COROZO'),
(179, 'MIS-TD-000121', 'ADOMO'),
(180, 'MIS-TD-000122', 'ADOMO'),
(181, 'MIS-TD-000123', 'ADOMO'),
(182, 'MIS-TD-000124', 'ADOMO'),
(183, 'MIS-TD-000125', 'ADOMO'),
(184, 'MIS-TD-000126', 'ADOMO'),
(185, 'MIS-TD-000127', 'ADOMO'),
(186, 'MIS-TD-000128', 'ADOMO'),
(187, 'MIS-TD-000129', 'ADOMO'),
(188, 'MIS-TD-000130', 'ADOMO'),
(189, 'MIS-TD-000131', 'ADOMO'),
(190, 'MIS-TD-000132', 'ADOMO'),
(191, 'MIS-TD-000133', 'ADOMO'),
(192, 'MIS-TD-000134', 'ADOMO'),
(193, 'MIS-TD-000135', 'ADOMO'),
(194, 'MIS-TD-000136', 'ADOMO'),
(195, 'MIS-TD-000137', 'MARAGON'),
(196, 'MIS-TD-000138', 'MARAGON'),
(197, 'MIS-TD-000139', 'MARAGON'),
(198, 'MIS-TD-000140', 'MARAGON'),
(199, 'MIS-TD-000141', 'MARAGON'),
(200, 'MIS-TD-000142', 'MARAGON'),
(201, 'MIS-TD-000143', 'MARAGON'),
(202, 'MIS-TD-000144', 'MARAGON'),
(203, 'MIS-TD-000145', 'MARAGON'),
(204, 'MIS-TD-000146', 'MARAGON'),
(205, 'MIS-TD-000147', 'MARAGON'),
(206, 'MIS-TD-000148', 'MARAGON'),
(207, 'MIS-TD-000149', 'MARAGON'),
(208, 'MIS-TD-000150', 'MARAGON'),
(209, 'MIS-TD-000151', 'MARAGON'),
(210, 'MIS-TD-000152', 'MARAGON'),
(211, 'MIS-TD-000153', 'MARAGON'),
(212, 'MIS-TD-000154', 'MARAGON'),
(213, 'MIS-TD-000155', 'MARAGON'),
(214, 'MIS-TD-000156', 'MARAGON'),
(215, 'MIS-TD-000157', 'MARAGON'),
(216, 'MIS-TD-000158', 'MARAGON'),
(217, 'MIS-TD-000159', 'MARAGON'),
(218, 'MIS-TD-000160', 'MARAGON'),
(219, 'MIS-TD-000161', 'MARAGON'),
(220, 'MIS-TD-000162', 'MARAGON'),
(221, 'MIS-TD-000163', 'MARAGON'),
(222, 'MIS-TD-000164', 'MARAGON'),
(223, 'MIS-TD-000165', 'MARAGON'),
(224, 'MIS-TD-000166', 'MARAGON'),
(225, 'MIS-TD-000167', 'MARAGON'),
(226, 'MIS-TD-000168', 'MARAGON'),
(227, 'MIS-TD-000169', 'MARAGON'),
(228, 'MIS-TD-000170', 'MARAGON'),
(229, 'MIS-TD-000171', 'MARAGON'),
(230, 'MIS-TD-000172', 'MARAGON'),
(231, 'MIS-TD-000173', 'MARAGON'),
(232, 'MIS-TD-000174', 'MARAGON'),
(233, 'MIS-TD-000175', 'MARAGON'),
(234, 'MIS-TD-000176', 'MARAGON'),
(235, 'MIS-TD-000177', 'YDAGANTA'),
(236, 'MIS-TD-000178', 'YDAGANTA'),
(237, 'MIS-TD-000179', 'YDAGANTA'),
(238, 'MIS-TD-000180', 'YDAGANTA'),
(239, 'MIS-TD-000181', 'YDAGANTA'),
(240, 'MIS-TD-000182', 'YDAGANTA'),
(241, 'MIS-TD-000183', 'YDAGANTA'),
(242, 'MIS-TD-000184', 'YDAGANTA'),
(243, 'MIS-TD-000185', 'YDAGANTA'),
(244, 'MIS-TD-000186', 'YDAGANTA'),
(245, 'MIS-TD-000187', 'YDAGANTA'),
(246, 'MIS-TD-000188', 'YDAGANTA'),
(247, 'MIS-TD-000189', 'YDAGANTA'),
(248, 'MIS-TD-000190', 'YDAGANTA'),
(249, 'MIS-TD-000191', 'YDAGANTA'),
(250, 'MIS-TD-000192', 'YDAGANTA'),
(251, 'MIS-TD-000193', 'YDAGANTA'),
(252, 'MIS-TD-000194', 'YDAGANTA'),
(253, 'MIS-TD-000195', 'YDAGANTA'),
(254, 'MIS-TD-000196', 'YDAGANTA'),
(255, 'MIS-TD-000197', 'YDAGANTA'),
(256, 'MIS-TD-000198', 'YDAGANTA'),
(257, 'MIS-TD-000199', 'YDAGANTA'),
(258, 'MIS-TD-000200', 'YDAGANTA'),
(259, 'MIS-TD-000201', 'YDAGANTA'),
(260, 'MIS-TD-000202', 'YDAGANTA'),
(261, 'MIS-TD-000203', 'YDAGANTA'),
(262, 'MIS-TD-000204', 'YDAGANTA'),
(263, 'MIS-TD-000205', 'YDAGANTA'),
(264, 'MIS-TD-000206', 'YDAGANTA'),
(265, 'MIS-TD-000207', 'YDAGANTA'),
(266, 'MIS-TD-000208', 'YDAGANTA'),
(267, 'MIS-TD-000209', 'YDAGANTA'),
(268, 'MIS-TD-000210', 'YDAGANTA'),
(269, 'MIS-TD-000211', 'YDAGANTA'),
(270, 'MIS-TD-000212', 'YDAGANTA'),
(271, 'MIS-TD-000213', 'YDAGANTA'),
(272, 'MIS-TD-000214', 'YDAGANTA'),
(273, 'MIS-TD-000215', 'YDAGANTA'),
(274, 'MIS-TD-000216', 'YDAGANTA'),
(275, 'FEM-TD-000040', 'ANEGRITE'),
(276, 'FEM-TD-000041', 'ANEGRITE'),
(277, 'FEM-TD-000042', 'JSIERRA'),
(278, 'FEM-TD-000043', 'ANEGRITE'),
(279, 'FEM-TD-000044', 'ANEGRITE'),
(280, 'FEM-TD-000045', 'ANEGRITE'),
(281, 'FEM-TD-000046', 'ANEGRITE'),
(282, 'FEM-TD-000047', 'ANEGRITE'),
(283, 'FEM-TD-000048', 'JSIERRA'),
(284, 'FEM-TD-000049', 'JSIERRA'),
(285, 'FEM-TD-000050', 'JSIERRA'),
(286, 'FEM-TD-000051', 'JSIERRA'),
(287, 'FEM-TD-000052', 'ANEGRITE'),
(288, 'FEM-TD-000053', 'ANEGRITE'),
(289, 'FEM-TD-000054', 'ANEGRITE'),
(290, 'FEM-TD-000055', 'JSIERRA'),
(291, 'FEM-TD-000056', 'JSIERRA'),
(292, 'FEM-TD-000057', 'JSIERRA'),
(293, 'FEM-TD-000058', 'ANEGRITE'),
(294, 'FEM-TD-000059', 'ANEGRITE'),
(295, 'FEM-TD-000060', 'ANEGRITE'),
(296, 'FEM-TD-000061', 'JSIERRA'),
(297, 'FEM-TD-000062', 'JSIERRA'),
(298, 'FEM-TD-000063', 'JSIERRA'),
(299, 'FEM-TD-000064', 'ANEGRITE'),
(300, 'FEM-TD-000065', 'ANEGRITE'),
(301, 'FEM-TD-000066', 'JSIERRA'),
(302, 'FEM-TD-000067', 'JSIERRA'),
(303, 'FEM-TD-000068', 'JSIERRA'),
(304, 'FEM-TD-000069', 'ANEGRITE'),
(305, 'FEM-TD-000070', 'ANEGRITE'),
(306, 'FEM-TD-000071', 'ANEGRITE'),
(307, 'FEM-TD-000072', 'JSIERRA'),
(308, 'FEM-TD-000073', 'JSIERRA'),
(309, 'FEM-TD-000074', 'ANEGRITE'),
(310, 'FEM-TD-000075', 'ANEGRITE'),
(311, 'FEM-TD-000076', 'JSIERRA'),
(312, 'FEM-TD-000077', 'JSIERRA'),
(313, 'FEM-TD-000078', 'ANEGRITE'),
(314, 'FEM-TD-000079', 'ANEGRITE'),
(315, 'FEM-TD-000080', 'ANEGRITE'),
(316, 'FEM-TD-000081', 'JSIERRA'),
(317, 'FEM-TD-000082', 'JSIERRA'),
(318, 'FEM-TD-000083', 'ANEGRITE'),
(319, 'FEM-TD-000084', 'ANEGRITE'),
(320, 'FEM-TD-000085', 'ANEGRITE'),
(321, 'FEM-TD-000086', 'ANEGRITE'),
(322, 'FEM-TD-000087', 'JSIERRA'),
(323, 'FEM-TD-000088', 'JSIERRA'),
(324, 'FEM-TD-000089', 'JSIERRA'),
(325, 'FEM-TD-000090', 'JSIERRA');

-- --------------------------------------------------------

--
-- Table structure for table `tasks_details`
--

CREATE TABLE `tasks_details` (
  `id` int(11) NOT NULL,
  `task_code` varchar(50) NOT NULL,
  `date_created` date NOT NULL,
  `due_date` date NOT NULL,
  `in_charge` varchar(150) NOT NULL,
  `status` varchar(50) NOT NULL,
  `remarks` varchar(100) NOT NULL,
  `date_accomplished` date DEFAULT NULL,
  `task_status` int(50) NOT NULL,
  `approval_status` tinyint(1) NOT NULL,
  `reschedule` int(1) NOT NULL,
  `resched_reason` varchar(500) NOT NULL
) ENGINE=InnoDB DEFAULT CHARSET=latin1;

--
-- Dumping data for table `tasks_details`
--

INSERT INTO `tasks_details` (`id`, `task_code`, `date_created`, `due_date`, `in_charge`, `status`, `remarks`, `date_accomplished`, `task_status`, `approval_status`, `reschedule`, `resched_reason`) VALUES
(1, 'SK-TD-000001', '2023-12-12', '2023-12-18', 'OBUGARIN', 'NOT YET STARTED', '', NULL, 1, 1, 1, ''),
(2, 'SK-TD-000002', '2023-12-13', '2023-12-13', 'BSOLOMON', 'IN PROGRESS', '', NULL, 1, 1, 0, ''),
(3, 'SK-TD-000003', '2023-12-13', '2023-12-17', 'OBUGARIN', 'FINISHED', 'tessssssssssssssssssssssssssssssst', '2023-12-20', 1, 1, 0, '12/15 10:15'),
(4, 'SK-TD-000004', '2023-12-13', '2023-12-13', 'BSOLOMON', 'FINISHED', 'Finalize and check PowerPoint presentation for Perfect Attendance Awarding', '2023-12-13', 1, 1, 0, ''),
(5, 'SK-TD-000005', '2023-12-13', '2023-12-13', 'CLOPEZ', 'IN PROGRESS', '', NULL, 1, 1, 0, ''),
(6, 'SK-TD-000006', '2023-12-13', '2023-12-14', 'OBUGARIN', 'FINISHED', 'testtttttttttttttttttttttttttttttttttttttttttttttttt', '2023-12-14', 1, 1, 0, ''),
(7, 'SK-TD-000007', '2023-12-13', '2023-12-19', 'BSOLOMON', 'NOT YET STARTED', '', NULL, 1, 1, 1, ''),
(8, 'SK-TD-000008', '2023-12-13', '2023-12-14', 'OBUGARIN', 'FINISHED', 'ffffffffffffffffffffffffffffffffffffffffffffffffffffffffffffffffffffffffffffffffff', '2023-12-14', 1, 1, 0, ''),
(9, 'SK-TD-000009', '2023-12-13', '2023-12-19', 'BSOLOMON', 'NOT YET STARTED', '', NULL, 1, 1, 0, ''),
(10, 'SK-TD-000010', '2023-12-13', '2023-12-14', 'CLOPEZ', 'NOT YET STARTED', '', NULL, 1, 1, 0, ''),
(11, 'SK-TD-000011', '2023-12-13', '2023-12-15', 'OBUGARIN', 'FINISHED', 'ffffffffffffffffffffffffffffffffffffffffffffffffffffffffffffffffffffffffffffffffffffffffffffffffffff', '2023-12-15', 1, 1, 0, ''),
(12, 'SK-TD-000012', '2023-12-13', '2023-12-15', 'BSOLOMON', 'NOT YET STARTED', '', NULL, 1, 1, 0, ''),
(13, 'SK-TD-000013', '2023-12-13', '2023-12-15', 'OBUGARIN', 'FINISHED', 'fffffffffffffffffffffffffffffffffffffffffffffffff', '2023-12-15', 1, 1, 0, ''),
(14, 'SK-TD-000014', '2023-12-13', '2023-12-15', 'BSOLOMON', 'NOT YET STARTED', '', NULL, 1, 1, 1, 'Test'),
(15, 'SK-TD-000015', '2023-12-13', '2023-12-15', 'CLOPEZ', 'NOT YET STARTED', '', NULL, 1, 1, 0, ''),
(16, 'SK-TD-000016', '2023-12-13', '2023-12-16', 'BSOLOMON', 'NOT YET STARTED', '', NULL, 1, 1, 0, ''),
(17, 'SK-TD-000017', '2023-12-13', '2023-12-16', 'OBUGARIN', 'NOT YET STARTED', '', NULL, 1, 1, 1, ''),
(18, 'SK-TD-000018', '2023-12-13', '2023-12-16', 'BSOLOMON', 'NOT YET STARTED', '', NULL, 1, 1, 0, ''),
(19, 'SK-TD-000019', '2023-12-13', '2023-12-16', 'CLOPEZ', 'NOT YET STARTED', '', NULL, 1, 1, 0, ''),
(20, 'FEM-TD-000001', '2023-12-13', '2023-12-13', 'TESCAMILLAS', 'NOT YET STARTED', '', NULL, 1, 1, 0, ''),
(21, 'FEM-TD-000002', '2023-12-13', '2023-12-13', 'JALCALA', 'NOT YET STARTED', '', NULL, 1, 1, 0, ''),
(22, 'FEM-TD-000003', '2023-12-13', '2023-12-13', 'JALCALA', 'NOT YET STARTED', '', NULL, 1, 1, 0, ''),
(23, 'FEM-TD-000004', '2023-12-13', '2023-12-13', 'JALCALA', 'NOT YET STARTED', '', NULL, 1, 1, 0, ''),
(24, 'FEM-TD-000005', '2023-12-13', '2023-12-13', 'JNATUEL', 'FINISHED', 'Already conduct preventive maintenance of aircon unit # 19 in PCB area and aircon unit #03 in parts ', '2023-12-13', 1, 1, 0, ''),
(25, 'FEM-TD-000006', '2023-12-13', '2023-12-13', 'JRONDERO', 'FINISHED', 'Conducted preventive maintenance of aircon unit number 28 and 29 at GPI-1 Prod area.', '2023-12-13', 1, 1, 0, ''),
(26, 'FEM-TD-000007', '2023-12-13', '2023-12-13', 'ELUMAGUI', 'FINISHED', 'Conducted preventive maintenance of aircon unit number 28 and 29 at GPI-1 Prod area.', '2023-12-13', 1, 1, 0, ''),
(27, 'FEM-TD-000008', '2023-12-13', '2023-12-14', 'TESCAMILLAS', 'NOT YET STARTED', '', NULL, 1, 1, 0, ''),
(28, 'FEM-TD-000009', '2023-12-13', '2023-12-14', 'JALCALA', 'NOT YET STARTED', '', NULL, 1, 1, 0, ''),
(29, 'FEM-TD-000010', '2023-12-13', '2023-12-14', 'JALCALA', 'NOT YET STARTED', '', NULL, 1, 1, 0, ''),
(30, 'FEM-TD-000011', '2023-12-13', '2023-12-14', 'JALCALA', 'NOT YET STARTED', '', NULL, 1, 1, 0, ''),
(31, 'FEM-TD-000012', '2023-12-13', '2023-12-14', 'JNATUEL', 'NOT YET STARTED', '', NULL, 1, 1, 0, ''),
(32, 'FEM-TD-000013', '2023-12-13', '2023-12-14', 'MBUENAVIDES', 'NOT YET STARTED', '', NULL, 1, 1, 0, ''),
(33, 'FEM-TD-000014', '2023-12-13', '2023-12-14', 'MBUENAVIDES', 'NOT YET STARTED', '', NULL, 1, 1, 0, ''),
(34, 'FEM-TD-000015', '2023-12-13', '2023-12-14', 'MBUENAVIDES', 'NOT YET STARTED', '', NULL, 1, 1, 0, ''),
(35, 'FEM-TD-000016', '2023-12-13', '2023-12-14', 'RPARMA', 'NOT YET STARTED', '', NULL, 1, 1, 0, ''),
(36, 'FEM-TD-000017', '2023-12-13', '2023-12-14', 'ELUMAGUI', 'NOT YET STARTED', '', NULL, 1, 1, 0, ''),
(37, 'FEM-TD-000018', '2023-12-13', '2023-12-14', 'JRONDERO', 'NOT YET STARTED', '', NULL, 1, 1, 0, ''),
(38, 'FEM-TD-000019', '2023-12-13', '2023-12-15', 'TESCAMILLAS', 'NOT YET STARTED', '', NULL, 1, 1, 0, ''),
(39, 'FEM-TD-000020', '2023-12-13', '2023-12-15', 'JALCALA', 'NOT YET STARTED', '', NULL, 1, 1, 0, ''),
(40, 'FEM-TD-000021', '2023-12-13', '2023-12-15', 'JALCALA', 'NOT YET STARTED', '', NULL, 1, 1, 0, ''),
(41, 'FEM-TD-000022', '2023-12-13', '2023-12-15', 'JALCALA', 'NOT YET STARTED', '', NULL, 1, 1, 0, ''),
(42, 'FEM-TD-000023', '2023-12-13', '2023-12-15', 'JNATUEL', 'NOT YET STARTED', '', NULL, 1, 1, 0, ''),
(43, 'FEM-TD-000024', '2023-12-13', '2023-12-15', 'MBUENAVIDES', 'NOT YET STARTED', '', NULL, 1, 1, 0, ''),
(44, 'FEM-TD-000025', '2023-12-13', '2023-12-15', 'MBUENAVIDES', 'NOT YET STARTED', '', NULL, 1, 1, 0, ''),
(45, 'FEM-TD-000026', '2023-12-13', '2023-12-15', 'MBUENAVIDES', 'NOT YET STARTED', '', NULL, 1, 1, 0, ''),
(46, 'FEM-TD-000027', '2023-12-13', '2023-12-15', 'JRONDERO', 'NOT YET STARTED', '', NULL, 1, 1, 0, ''),
(47, 'FEM-TD-000028', '2023-12-13', '2023-12-15', 'ELUMAGUI', 'NOT YET STARTED', '', NULL, 1, 1, 0, ''),
(48, 'FEM-TD-000029', '2023-12-13', '2023-12-15', 'RPARMA', 'NOT YET STARTED', '', NULL, 1, 1, 0, ''),
(49, 'FEM-TD-000030', '2023-12-13', '2023-12-16', 'TESCAMILLAS', 'NOT YET STARTED', '', NULL, 1, 1, 0, ''),
(50, 'FEM-TD-000031', '2023-12-13', '2023-12-16', 'JALCALA', 'NOT YET STARTED', '', NULL, 1, 1, 0, ''),
(51, 'FEM-TD-000032', '2023-12-13', '2023-12-16', 'JALCALA', 'NOT YET STARTED', '', NULL, 1, 1, 0, ''),
(52, 'FEM-TD-000033', '2023-12-13', '2023-12-16', 'JALCALA', 'NOT YET STARTED', '', NULL, 1, 1, 0, ''),
(53, 'FEM-TD-000034', '2023-12-13', '2023-12-16', 'MBUENAVIDES', 'NOT YET STARTED', '', NULL, 1, 1, 0, ''),
(54, 'FEM-TD-000035', '2023-12-13', '2023-12-16', 'MBUENAVIDES', 'NOT YET STARTED', '', NULL, 1, 1, 0, ''),
(55, 'FEM-TD-000036', '2023-12-13', '2023-12-16', 'MBUENAVIDES', 'NOT YET STARTED', '', NULL, 1, 1, 0, ''),
(56, 'FEM-TD-000037', '2023-12-13', '2023-12-16', 'ELUMAGUI', 'NOT YET STARTED', '', NULL, 1, 1, 0, ''),
(57, 'FEM-TD-000038', '2023-12-13', '2023-12-16', 'JRONDERO', 'NOT YET STARTED', '', NULL, 1, 1, 0, ''),
(58, 'FEM-TD-000039', '2023-12-13', '2023-12-16', 'RPARMA', 'NOT YET STARTED', '', NULL, 1, 1, 0, ''),
(59, 'MIS-TD-000001', '2023-12-13', '2023-12-13', 'FVIVO', 'NOT YET STARTED', '', NULL, 1, 1, 0, ''),
(60, 'MIS-TD-000002', '2023-12-13', '2023-12-13', 'FVIVO', 'NOT YET STARTED', '', NULL, 1, 1, 0, ''),
(61, 'MIS-TD-000003', '2023-12-13', '2023-12-13', 'FVIVO', 'NOT YET STARTED', '', NULL, 1, 1, 0, ''),
(62, 'MIS-TD-000004', '2023-12-13', '2023-12-13', 'FVIVO', 'NOT YET STARTED', '', NULL, 1, 1, 0, ''),
(63, 'MIS-TD-000005', '2023-12-13', '2023-12-13', 'FVIVO', 'NOT YET STARTED', '', NULL, 1, 1, 0, ''),
(64, 'MIS-TD-000006', '2023-12-13', '2023-12-14', 'FVIVO', 'NOT YET STARTED', '', NULL, 1, 1, 0, ''),
(65, 'MIS-TD-000007', '2023-12-13', '2023-12-14', 'FVIVO', 'NOT YET STARTED', '', NULL, 1, 1, 0, ''),
(66, 'MIS-TD-000008', '2023-12-13', '2023-12-14', 'FVIVO', 'NOT YET STARTED', '', NULL, 1, 1, 0, ''),
(67, 'MIS-TD-000009', '2023-12-13', '2023-12-14', 'FVIVO', 'NOT YET STARTED', '', NULL, 1, 1, 0, ''),
(68, 'MIS-TD-000010', '2023-12-13', '2023-12-14', 'FVIVO', 'NOT YET STARTED', '', NULL, 1, 1, 0, ''),
(69, 'MIS-TD-000011', '2023-12-13', '2023-12-15', 'FVIVO', 'NOT YET STARTED', '', NULL, 1, 1, 0, ''),
(70, 'MIS-TD-000012', '2023-12-13', '2023-12-15', 'FVIVO', 'NOT YET STARTED', '', NULL, 1, 1, 0, ''),
(71, 'MIS-TD-000013', '2023-12-13', '2023-12-15', 'FVIVO', 'NOT YET STARTED', '', NULL, 1, 1, 0, ''),
(72, 'MIS-TD-000014', '2023-12-13', '2023-12-15', 'FVIVO', 'NOT YET STARTED', '', NULL, 1, 1, 0, ''),
(73, 'MIS-TD-000015', '2023-12-13', '2023-12-15', 'FVIVO', 'NOT YET STARTED', '', NULL, 1, 1, 0, ''),
(74, 'MIS-TD-000016', '2023-12-13', '2023-12-16', 'FVIVO', 'NOT YET STARTED', '', NULL, 1, 1, 0, ''),
(75, 'MIS-TD-000017', '2023-12-13', '2023-12-16', 'FVIVO', 'NOT YET STARTED', '', NULL, 1, 1, 0, ''),
(76, 'MIS-TD-000018', '2023-12-13', '2023-12-16', 'FVIVO', 'NOT YET STARTED', '', NULL, 1, 1, 0, ''),
(77, 'MIS-TD-000019', '2023-12-13', '2023-12-16', 'FVIVO', 'NOT YET STARTED', '', NULL, 1, 1, 0, ''),
(78, 'MIS-TD-000020', '2023-12-13', '2023-12-16', 'FVIVO', 'NOT YET STARTED', '', NULL, 1, 1, 0, ''),
(79, 'MIS-TD-000021', '2023-12-13', '2023-12-18', 'FVIVO', 'NOT YET STARTED', '', NULL, 1, 1, 0, ''),
(80, 'MIS-TD-000022', '2023-12-13', '2023-12-18', 'FVIVO', 'NOT YET STARTED', '', NULL, 1, 1, 0, ''),
(81, 'MIS-TD-000023', '2023-12-13', '2023-12-18', 'FVIVO', 'NOT YET STARTED', '', NULL, 1, 1, 0, ''),
(82, 'MIS-TD-000024', '2023-12-13', '2023-12-18', 'FVIVO', 'NOT YET STARTED', '', NULL, 1, 1, 0, ''),
(83, 'MIS-TD-000025', '2023-12-13', '2023-12-18', 'FVIVO', 'NOT YET STARTED', '', NULL, 1, 1, 0, ''),
(84, 'MIS-TD-000026', '2023-12-13', '2023-12-19', 'FVIVO', 'NOT YET STARTED', '', NULL, 1, 1, 0, ''),
(85, 'MIS-TD-000027', '2023-12-13', '2023-12-19', 'FVIVO', 'NOT YET STARTED', '', NULL, 1, 1, 0, ''),
(86, 'MIS-TD-000028', '2023-12-13', '2023-12-19', 'FVIVO', 'NOT YET STARTED', '', NULL, 1, 1, 0, ''),
(87, 'MIS-TD-000029', '2023-12-13', '2023-12-19', 'FVIVO', 'NOT YET STARTED', '', NULL, 1, 1, 0, ''),
(88, 'MIS-TD-000030', '2023-12-13', '2023-12-19', 'FVIVO', 'NOT YET STARTED', '', NULL, 1, 1, 0, ''),
(89, 'MIS-TD-000031', '2023-12-13', '2023-12-20', 'FVIVO', 'NOT YET STARTED', '', NULL, 1, 1, 0, ''),
(90, 'MIS-TD-000032', '2023-12-13', '2023-12-20', 'FVIVO', 'NOT YET STARTED', '', NULL, 1, 1, 0, ''),
(91, 'MIS-TD-000033', '2023-12-13', '2023-12-20', 'FVIVO', 'NOT YET STARTED', '', NULL, 1, 1, 0, ''),
(92, 'MIS-TD-000034', '2023-12-13', '2023-12-20', 'FVIVO', 'NOT YET STARTED', '', NULL, 1, 1, 0, ''),
(93, 'MIS-TD-000035', '2023-12-13', '2023-12-20', 'FVIVO', 'NOT YET STARTED', '', NULL, 1, 1, 0, ''),
(94, 'MIS-TD-000036', '2023-12-13', '2023-12-21', 'FVIVO', 'NOT YET STARTED', '', NULL, 1, 1, 0, ''),
(95, 'MIS-TD-000037', '2023-12-13', '2023-12-21', 'FVIVO', 'NOT YET STARTED', '', NULL, 1, 1, 0, ''),
(96, 'MIS-TD-000038', '2023-12-13', '2023-12-21', 'FVIVO', 'NOT YET STARTED', '', NULL, 1, 1, 0, ''),
(97, 'MIS-TD-000039', '2023-12-13', '2023-12-21', 'FVIVO', 'NOT YET STARTED', '', NULL, 1, 1, 0, ''),
(98, 'MIS-TD-000040', '2023-12-13', '2023-12-21', 'FVIVO', 'NOT YET STARTED', '', NULL, 1, 1, 0, ''),
(99, 'MIS-TD-000041', '2023-12-13', '2023-12-13', 'KMARERO', 'NOT YET STARTED', '', NULL, 1, 1, 1, 'rawr'),
(100, 'MIS-TD-000042', '2023-12-13', '2023-12-13', 'KMARERO', 'NOT YET STARTED', '', NULL, 1, 1, 1, 'testtest'),
(101, 'MIS-TD-000043', '2023-12-13', '2023-12-13', 'KMARERO', 'NOT YET STARTED', '', NULL, 1, 1, 1, 'this is a test'),
(102, 'MIS-TD-000044', '2023-12-13', '2023-12-13', 'KMARERO', 'NOT YET STARTED', '', NULL, 1, 1, 1, 'This is another test'),
(103, 'MIS-TD-000045', '2023-12-13', '2023-12-13', 'KMARERO', 'NOT YET STARTED', '', NULL, 1, 1, 0, ''),
(104, 'MIS-TD-000046', '2023-12-13', '2023-12-13', 'KMARERO', 'NOT YET STARTED', '', NULL, 1, 1, 0, ''),
(105, 'MIS-TD-000047', '2023-12-13', '2023-12-14', 'KMARERO', 'NOT YET STARTED', '', NULL, 1, 1, 0, ''),
(106, 'MIS-TD-000048', '2023-12-13', '2023-12-14', 'KMARERO', 'NOT YET STARTED', '', NULL, 1, 1, 0, ''),
(107, 'MIS-TD-000049', '2023-12-13', '2023-12-14', 'KMARERO', 'NOT YET STARTED', '', NULL, 1, 1, 0, ''),
(108, 'MIS-TD-000050', '2023-12-13', '2023-12-14', 'KMARERO', 'NOT YET STARTED', '', NULL, 1, 1, 0, ''),
(109, 'MIS-TD-000051', '2023-12-13', '2023-12-14', 'KMARERO', 'NOT YET STARTED', '', NULL, 1, 1, 0, ''),
(110, 'MIS-TD-000052', '2023-12-13', '2023-12-14', 'KMARERO', 'NOT YET STARTED', '', NULL, 1, 1, 0, ''),
(111, 'MIS-TD-000053', '2023-12-13', '2023-12-15', 'KMARERO', 'NOT YET STARTED', '', NULL, 1, 1, 0, ''),
(112, 'MIS-TD-000054', '2023-12-13', '2023-12-15', 'KMARERO', 'NOT YET STARTED', '', NULL, 1, 1, 0, ''),
(113, 'MIS-TD-000055', '2023-12-13', '2023-12-15', 'KMARERO', 'NOT YET STARTED', '', NULL, 1, 1, 0, ''),
(114, 'MIS-TD-000056', '2023-12-13', '2023-12-15', 'KMARERO', 'NOT YET STARTED', '', NULL, 1, 1, 0, ''),
(115, 'MIS-TD-000057', '2023-12-13', '2023-12-15', 'KMARERO', 'NOT YET STARTED', '', NULL, 1, 1, 0, ''),
(116, 'MIS-TD-000058', '2023-12-13', '2023-12-15', 'KMARERO', 'NOT YET STARTED', '', NULL, 1, 1, 0, ''),
(117, 'MIS-TD-000059', '2023-12-13', '2023-12-16', 'KMARERO', 'NOT YET STARTED', '', NULL, 1, 1, 0, ''),
(118, 'MIS-TD-000060', '2023-12-13', '2023-12-16', 'KMARERO', 'NOT YET STARTED', '', NULL, 1, 1, 0, ''),
(119, 'MIS-TD-000061', '2023-12-13', '2023-12-16', 'KMARERO', 'FINISHED', 'This is just a test action for my task.', '2023-12-16', 1, 1, 0, ''),
(120, 'MIS-TD-000062', '2023-12-13', '2023-12-16', 'KMARERO', 'NOT YET STARTED', '', NULL, 1, 1, 0, ''),
(121, 'MIS-TD-000063', '2023-12-13', '2023-12-16', 'KMARERO', 'NOT YET STARTED', '', NULL, 1, 1, 0, ''),
(122, 'MIS-TD-000064', '2023-12-13', '2023-12-16', 'KMARERO', 'NOT YET STARTED', '', NULL, 1, 1, 0, ''),
(123, 'MIS-TD-000065', '2023-12-13', '2023-12-18', 'KMARERO', 'NOT YET STARTED', '', NULL, 1, 1, 0, ''),
(124, 'MIS-TD-000066', '2023-12-13', '2023-12-18', 'KMARERO', 'NOT YET STARTED', '', NULL, 1, 1, 0, ''),
(125, 'MIS-TD-000067', '2023-12-13', '2023-12-18', 'KMARERO', 'NOT YET STARTED', '', NULL, 1, 1, 0, ''),
(126, 'MIS-TD-000068', '2023-12-13', '2023-12-18', 'KMARERO', 'NOT YET STARTED', '', NULL, 1, 1, 0, ''),
(127, 'MIS-TD-000069', '2023-12-13', '2023-12-18', 'KMARERO', 'NOT YET STARTED', '', NULL, 1, 1, 0, ''),
(128, 'MIS-TD-000070', '2023-12-13', '2023-12-18', 'KMARERO', 'NOT YET STARTED', '', NULL, 1, 1, 0, ''),
(129, 'MIS-TD-000071', '2023-12-13', '2023-12-19', 'KMARERO', 'NOT YET STARTED', '', NULL, 1, 1, 0, ''),
(130, 'MIS-TD-000072', '2023-12-13', '2023-12-19', 'KMARERO', 'NOT YET STARTED', '', NULL, 1, 1, 0, ''),
(131, 'MIS-TD-000073', '2023-12-13', '2023-12-19', 'KMARERO', 'NOT YET STARTED', '', NULL, 1, 1, 0, ''),
(132, 'MIS-TD-000074', '2023-12-13', '2023-12-19', 'KMARERO', 'NOT YET STARTED', '', NULL, 1, 1, 0, ''),
(133, 'MIS-TD-000075', '2023-12-13', '2023-12-19', 'KMARERO', 'NOT YET STARTED', '', NULL, 1, 1, 0, ''),
(134, 'MIS-TD-000076', '2023-12-13', '2023-12-19', 'KMARERO', 'NOT YET STARTED', '', NULL, 1, 1, 0, ''),
(135, 'MIS-TD-000077', '2023-12-13', '2023-12-20', 'KMARERO', 'NOT YET STARTED', '', NULL, 1, 1, 0, ''),
(136, 'MIS-TD-000078', '2023-12-13', '2023-12-20', 'KMARERO', 'NOT YET STARTED', '', NULL, 1, 1, 0, ''),
(137, 'MIS-TD-000079', '2023-12-13', '2023-12-20', 'KMARERO', 'NOT YET STARTED', '', NULL, 1, 1, 0, ''),
(138, 'MIS-TD-000080', '2023-12-13', '2023-12-20', 'KMARERO', 'NOT YET STARTED', '', NULL, 1, 1, 0, ''),
(139, 'MIS-TD-000081', '2023-12-13', '2023-12-20', 'KMARERO', 'NOT YET STARTED', '', NULL, 1, 1, 0, ''),
(140, 'MIS-TD-000082', '2023-12-13', '2023-12-20', 'KMARERO', 'NOT YET STARTED', '', NULL, 1, 1, 0, ''),
(141, 'MIS-TD-000083', '2023-12-13', '2023-12-21', 'KMARERO', 'NOT YET STARTED', '', NULL, 1, 1, 0, ''),
(142, 'MIS-TD-000084', '2023-12-13', '2023-12-21', 'KMARERO', 'NOT YET STARTED', '', NULL, 1, 1, 0, ''),
(143, 'MIS-TD-000085', '2023-12-13', '2023-12-21', 'KMARERO', 'NOT YET STARTED', '', NULL, 1, 1, 0, ''),
(144, 'MIS-TD-000086', '2023-12-13', '2023-12-21', 'KMARERO', 'NOT YET STARTED', '', NULL, 1, 1, 0, ''),
(145, 'MIS-TD-000087', '2023-12-13', '2023-12-21', 'KMARERO', 'NOT YET STARTED', '', NULL, 1, 1, 0, ''),
(146, 'MIS-TD-000088', '2023-12-13', '2023-12-21', 'KMARERO', 'NOT YET STARTED', '', NULL, 1, 1, 0, ''),
(147, 'MIS-TD-000089', '2023-12-13', '2023-12-13', 'COROZO', 'NOT YET STARTED', '', NULL, 1, 1, 0, ''),
(148, 'MIS-TD-000090', '2023-12-13', '2023-12-13', 'COROZO', 'NOT YET STARTED', '', NULL, 1, 1, 0, ''),
(149, 'MIS-TD-000091', '2023-12-13', '2023-12-13', 'COROZO', 'NOT YET STARTED', '', NULL, 1, 1, 0, ''),
(150, 'MIS-TD-000092', '2023-12-13', '2023-12-13', 'COROZO', 'NOT YET STARTED', '', NULL, 1, 1, 0, ''),
(151, 'MIS-TD-000093', '2023-12-13', '2023-12-14', 'COROZO', 'NOT YET STARTED', '', NULL, 1, 1, 0, ''),
(152, 'MIS-TD-000094', '2023-12-13', '2023-12-14', 'COROZO', 'NOT YET STARTED', '', NULL, 1, 1, 0, ''),
(153, 'MIS-TD-000095', '2023-12-13', '2023-12-14', 'COROZO', 'NOT YET STARTED', '', NULL, 1, 1, 0, ''),
(154, 'MIS-TD-000096', '2023-12-13', '2023-12-14', 'COROZO', 'NOT YET STARTED', '', NULL, 1, 1, 0, ''),
(155, 'MIS-TD-000097', '2023-12-13', '2023-12-15', 'COROZO', 'NOT YET STARTED', '', NULL, 1, 1, 0, ''),
(156, 'MIS-TD-000098', '2023-12-13', '2023-12-15', 'COROZO', 'NOT YET STARTED', '', NULL, 1, 1, 0, ''),
(157, 'MIS-TD-000099', '2023-12-13', '2023-12-15', 'COROZO', 'NOT YET STARTED', '', NULL, 1, 1, 0, ''),
(158, 'MIS-TD-000100', '2023-12-13', '2023-12-15', 'COROZO', 'NOT YET STARTED', '', NULL, 1, 1, 0, ''),
(159, 'MIS-TD-000101', '2023-12-13', '2023-12-16', 'COROZO', 'NOT YET STARTED', '', NULL, 1, 1, 0, ''),
(160, 'MIS-TD-000102', '2023-12-13', '2023-12-16', 'COROZO', 'NOT YET STARTED', '', NULL, 1, 1, 0, ''),
(161, 'MIS-TD-000103', '2023-12-13', '2023-12-16', 'COROZO', 'NOT YET STARTED', '', NULL, 1, 1, 0, ''),
(162, 'MIS-TD-000104', '2023-12-13', '2023-12-16', 'COROZO', 'NOT YET STARTED', '', NULL, 1, 1, 0, ''),
(163, 'MIS-TD-000105', '2023-12-13', '2023-12-18', 'COROZO', 'NOT YET STARTED', '', NULL, 1, 1, 0, ''),
(164, 'MIS-TD-000106', '2023-12-13', '2023-12-18', 'COROZO', 'NOT YET STARTED', '', NULL, 1, 1, 0, ''),
(165, 'MIS-TD-000107', '2023-12-13', '2023-12-18', 'COROZO', 'NOT YET STARTED', '', NULL, 1, 1, 0, ''),
(166, 'MIS-TD-000108', '2023-12-13', '2023-12-18', 'COROZO', 'NOT YET STARTED', '', NULL, 1, 1, 0, ''),
(167, 'MIS-TD-000109', '2023-12-13', '2023-12-19', 'COROZO', 'NOT YET STARTED', '', NULL, 1, 1, 0, ''),
(168, 'MIS-TD-000110', '2023-12-13', '2023-12-19', 'COROZO', 'NOT YET STARTED', '', NULL, 1, 1, 0, ''),
(169, 'MIS-TD-000111', '2023-12-13', '2023-12-19', 'COROZO', 'NOT YET STARTED', '', NULL, 1, 1, 0, ''),
(170, 'MIS-TD-000112', '2023-12-13', '2023-12-19', 'COROZO', 'NOT YET STARTED', '', NULL, 1, 1, 0, ''),
(171, 'MIS-TD-000113', '2023-12-13', '2023-12-20', 'COROZO', 'NOT YET STARTED', '', NULL, 1, 1, 0, ''),
(172, 'MIS-TD-000114', '2023-12-13', '2023-12-20', 'COROZO', 'NOT YET STARTED', '', NULL, 1, 1, 0, ''),
(173, 'MIS-TD-000115', '2023-12-13', '2023-12-20', 'COROZO', 'NOT YET STARTED', '', NULL, 1, 1, 0, ''),
(174, 'MIS-TD-000116', '2023-12-13', '2023-12-20', 'COROZO', 'NOT YET STARTED', '', NULL, 1, 1, 0, ''),
(175, 'MIS-TD-000117', '2023-12-13', '2023-12-21', 'COROZO', 'NOT YET STARTED', '', NULL, 1, 1, 0, ''),
(176, 'MIS-TD-000118', '2023-12-13', '2023-12-21', 'COROZO', 'NOT YET STARTED', '', NULL, 1, 1, 0, ''),
(177, 'MIS-TD-000119', '2023-12-13', '2023-12-21', 'COROZO', 'NOT YET STARTED', '', NULL, 1, 1, 0, ''),
(178, 'MIS-TD-000120', '2023-12-13', '2023-12-21', 'COROZO', 'NOT YET STARTED', '', NULL, 1, 1, 0, ''),
(179, 'MIS-TD-000121', '2023-12-13', '2023-12-13', 'ADOMO', 'NOT YET STARTED', '', NULL, 1, 1, 0, ''),
(180, 'MIS-TD-000122', '2023-12-13', '2023-12-13', 'ADOMO', 'NOT YET STARTED', '', NULL, 1, 1, 0, ''),
(181, 'MIS-TD-000123', '2023-12-13', '2023-12-14', 'ADOMO', 'NOT YET STARTED', '', NULL, 1, 1, 0, ''),
(182, 'MIS-TD-000124', '2023-12-13', '2023-12-14', 'ADOMO', 'NOT YET STARTED', '', NULL, 1, 1, 0, ''),
(183, 'MIS-TD-000125', '2023-12-13', '2023-12-15', 'ADOMO', 'NOT YET STARTED', '', NULL, 1, 1, 0, ''),
(184, 'MIS-TD-000126', '2023-12-13', '2023-12-15', 'ADOMO', 'NOT YET STARTED', '', NULL, 1, 1, 0, ''),
(185, 'MIS-TD-000127', '2023-12-13', '2023-12-16', 'ADOMO', 'NOT YET STARTED', '', NULL, 1, 1, 0, ''),
(186, 'MIS-TD-000128', '2023-12-13', '2023-12-16', 'ADOMO', 'NOT YET STARTED', '', NULL, 1, 1, 0, ''),
(187, 'MIS-TD-000129', '2023-12-13', '2023-12-18', 'ADOMO', 'NOT YET STARTED', '', NULL, 1, 1, 0, ''),
(188, 'MIS-TD-000130', '2023-12-13', '2023-12-18', 'ADOMO', 'NOT YET STARTED', '', NULL, 1, 1, 0, ''),
(189, 'MIS-TD-000131', '2023-12-13', '2023-12-19', 'ADOMO', 'NOT YET STARTED', '', NULL, 1, 1, 0, ''),
(190, 'MIS-TD-000132', '2023-12-13', '2023-12-19', 'ADOMO', 'NOT YET STARTED', '', NULL, 1, 1, 0, ''),
(191, 'MIS-TD-000133', '2023-12-13', '2023-12-20', 'ADOMO', 'NOT YET STARTED', '', NULL, 1, 1, 0, ''),
(192, 'MIS-TD-000134', '2023-12-13', '2023-12-20', 'ADOMO', 'NOT YET STARTED', '', NULL, 1, 1, 0, ''),
(193, 'MIS-TD-000135', '2023-12-13', '2023-12-21', 'ADOMO', 'NOT YET STARTED', '', NULL, 1, 1, 0, ''),
(194, 'MIS-TD-000136', '2023-12-13', '2023-12-21', 'ADOMO', 'NOT YET STARTED', '', NULL, 1, 1, 0, ''),
(195, 'MIS-TD-000137', '2023-12-13', '2023-12-13', 'MARAGON', 'NOT YET STARTED', '', NULL, 1, 1, 0, ''),
(196, 'MIS-TD-000138', '2023-12-13', '2023-12-13', 'MARAGON', 'NOT YET STARTED', '', NULL, 1, 1, 0, ''),
(197, 'MIS-TD-000139', '2023-12-13', '2023-12-13', 'MARAGON', 'NOT YET STARTED', '', NULL, 1, 1, 0, ''),
(198, 'MIS-TD-000140', '2023-12-13', '2023-12-13', 'MARAGON', 'NOT YET STARTED', '', NULL, 1, 1, 0, ''),
(199, 'MIS-TD-000141', '2023-12-13', '2023-12-13', 'MARAGON', 'NOT YET STARTED', '', NULL, 1, 1, 0, ''),
(200, 'MIS-TD-000142', '2023-12-13', '2023-12-14', 'MARAGON', 'NOT YET STARTED', '', NULL, 1, 1, 0, ''),
(201, 'MIS-TD-000143', '2023-12-13', '2023-12-14', 'MARAGON', 'NOT YET STARTED', '', NULL, 1, 1, 0, ''),
(202, 'MIS-TD-000144', '2023-12-13', '2023-12-14', 'MARAGON', 'NOT YET STARTED', '', NULL, 1, 1, 0, ''),
(203, 'MIS-TD-000145', '2023-12-13', '2023-12-14', 'MARAGON', 'NOT YET STARTED', '', NULL, 1, 1, 0, ''),
(204, 'MIS-TD-000146', '2023-12-13', '2023-12-14', 'MARAGON', 'NOT YET STARTED', '', NULL, 1, 1, 0, ''),
(205, 'MIS-TD-000147', '2023-12-13', '2023-12-15', 'MARAGON', 'NOT YET STARTED', '', NULL, 1, 1, 0, ''),
(206, 'MIS-TD-000148', '2023-12-13', '2023-12-15', 'MARAGON', 'NOT YET STARTED', '', NULL, 1, 1, 0, ''),
(207, 'MIS-TD-000149', '2023-12-13', '2023-12-15', 'MARAGON', 'NOT YET STARTED', '', NULL, 1, 1, 0, ''),
(208, 'MIS-TD-000150', '2023-12-13', '2023-12-15', 'MARAGON', 'NOT YET STARTED', '', NULL, 1, 1, 0, ''),
(209, 'MIS-TD-000151', '2023-12-13', '2023-12-15', 'MARAGON', 'NOT YET STARTED', '', NULL, 1, 1, 0, ''),
(210, 'MIS-TD-000152', '2023-12-13', '2023-12-16', 'MARAGON', 'NOT YET STARTED', '', NULL, 1, 1, 0, ''),
(211, 'MIS-TD-000153', '2023-12-13', '2023-12-16', 'MARAGON', 'NOT YET STARTED', '', NULL, 1, 1, 0, ''),
(212, 'MIS-TD-000154', '2023-12-13', '2023-12-16', 'MARAGON', 'NOT YET STARTED', '', NULL, 1, 1, 0, ''),
(213, 'MIS-TD-000155', '2023-12-13', '2023-12-16', 'MARAGON', 'NOT YET STARTED', '', NULL, 1, 1, 0, ''),
(214, 'MIS-TD-000156', '2023-12-13', '2023-12-16', 'MARAGON', 'NOT YET STARTED', '', NULL, 1, 1, 0, ''),
(215, 'MIS-TD-000157', '2023-12-13', '2023-12-18', 'MARAGON', 'NOT YET STARTED', '', NULL, 1, 1, 0, ''),
(216, 'MIS-TD-000158', '2023-12-13', '2023-12-18', 'MARAGON', 'NOT YET STARTED', '', NULL, 1, 1, 0, ''),
(217, 'MIS-TD-000159', '2023-12-13', '2023-12-18', 'MARAGON', 'NOT YET STARTED', '', NULL, 1, 1, 0, ''),
(218, 'MIS-TD-000160', '2023-12-13', '2023-12-18', 'MARAGON', 'NOT YET STARTED', '', NULL, 1, 1, 0, ''),
(219, 'MIS-TD-000161', '2023-12-13', '2023-12-18', 'MARAGON', 'NOT YET STARTED', '', NULL, 1, 1, 0, ''),
(220, 'MIS-TD-000162', '2023-12-13', '2023-12-19', 'MARAGON', 'NOT YET STARTED', '', NULL, 1, 1, 0, ''),
(221, 'MIS-TD-000163', '2023-12-13', '2023-12-19', 'MARAGON', 'NOT YET STARTED', '', NULL, 1, 1, 0, ''),
(222, 'MIS-TD-000164', '2023-12-13', '2023-12-19', 'MARAGON', 'NOT YET STARTED', '', NULL, 1, 1, 0, ''),
(223, 'MIS-TD-000165', '2023-12-13', '2023-12-19', 'MARAGON', 'NOT YET STARTED', '', NULL, 1, 1, 0, ''),
(224, 'MIS-TD-000166', '2023-12-13', '2023-12-19', 'MARAGON', 'NOT YET STARTED', '', NULL, 1, 1, 0, ''),
(225, 'MIS-TD-000167', '2023-12-13', '2023-12-20', 'MARAGON', 'NOT YET STARTED', '', NULL, 1, 1, 0, ''),
(226, 'MIS-TD-000168', '2023-12-13', '2023-12-20', 'MARAGON', 'NOT YET STARTED', '', NULL, 1, 1, 0, ''),
(227, 'MIS-TD-000169', '2023-12-13', '2023-12-20', 'MARAGON', 'NOT YET STARTED', '', NULL, 1, 1, 0, ''),
(228, 'MIS-TD-000170', '2023-12-13', '2023-12-20', 'MARAGON', 'NOT YET STARTED', '', NULL, 1, 1, 0, ''),
(229, 'MIS-TD-000171', '2023-12-13', '2023-12-20', 'MARAGON', 'NOT YET STARTED', '', NULL, 1, 1, 0, ''),
(230, 'MIS-TD-000172', '2023-12-13', '2023-12-21', 'MARAGON', 'NOT YET STARTED', '', NULL, 1, 1, 0, ''),
(231, 'MIS-TD-000173', '2023-12-13', '2023-12-21', 'MARAGON', 'NOT YET STARTED', '', NULL, 1, 1, 0, ''),
(232, 'MIS-TD-000174', '2023-12-13', '2023-12-21', 'MARAGON', 'NOT YET STARTED', '', NULL, 1, 1, 0, ''),
(233, 'MIS-TD-000175', '2023-12-13', '2023-12-21', 'MARAGON', 'NOT YET STARTED', '', NULL, 1, 1, 0, ''),
(234, 'MIS-TD-000176', '2023-12-13', '2023-12-21', 'MARAGON', 'NOT YET STARTED', '', NULL, 1, 1, 0, ''),
(235, 'MIS-TD-000177', '2023-12-13', '2023-12-13', 'YDAGANTA', 'NOT YET STARTED', '', NULL, 1, 1, 0, ''),
(236, 'MIS-TD-000178', '2023-12-13', '2023-12-13', 'YDAGANTA', 'NOT YET STARTED', '', NULL, 1, 1, 0, ''),
(237, 'MIS-TD-000179', '2023-12-13', '2023-12-13', 'YDAGANTA', 'NOT YET STARTED', '', NULL, 1, 1, 0, ''),
(238, 'MIS-TD-000180', '2023-12-13', '2023-12-13', 'YDAGANTA', 'NOT YET STARTED', '', NULL, 1, 1, 0, ''),
(239, 'MIS-TD-000181', '2023-12-13', '2023-12-13', 'YDAGANTA', 'NOT YET STARTED', '', NULL, 1, 1, 0, ''),
(240, 'MIS-TD-000182', '2023-12-13', '2023-12-14', 'YDAGANTA', 'NOT YET STARTED', '', NULL, 1, 1, 0, ''),
(241, 'MIS-TD-000183', '2023-12-13', '2023-12-14', 'YDAGANTA', 'NOT YET STARTED', '', NULL, 1, 1, 0, ''),
(242, 'MIS-TD-000184', '2023-12-13', '2023-12-14', 'YDAGANTA', 'NOT YET STARTED', '', NULL, 1, 1, 0, ''),
(243, 'MIS-TD-000185', '2023-12-13', '2023-12-14', 'YDAGANTA', 'NOT YET STARTED', '', NULL, 1, 1, 0, ''),
(244, 'MIS-TD-000186', '2023-12-13', '2023-12-14', 'YDAGANTA', 'NOT YET STARTED', '', NULL, 1, 1, 0, ''),
(245, 'MIS-TD-000187', '2023-12-13', '2023-12-15', 'YDAGANTA', 'NOT YET STARTED', '', NULL, 1, 1, 0, ''),
(246, 'MIS-TD-000188', '2023-12-13', '2023-12-15', 'YDAGANTA', 'NOT YET STARTED', '', NULL, 1, 1, 0, ''),
(247, 'MIS-TD-000189', '2023-12-13', '2023-12-15', 'YDAGANTA', 'NOT YET STARTED', '', NULL, 1, 1, 0, ''),
(248, 'MIS-TD-000190', '2023-12-13', '2023-12-15', 'YDAGANTA', 'NOT YET STARTED', '', NULL, 1, 1, 0, ''),
(249, 'MIS-TD-000191', '2023-12-13', '2023-12-15', 'YDAGANTA', 'NOT YET STARTED', '', NULL, 1, 1, 0, ''),
(250, 'MIS-TD-000192', '2023-12-13', '2023-12-16', 'YDAGANTA', 'NOT YET STARTED', '', NULL, 1, 1, 0, ''),
(251, 'MIS-TD-000193', '2023-12-13', '2023-12-16', 'YDAGANTA', 'NOT YET STARTED', '', NULL, 1, 1, 0, ''),
(252, 'MIS-TD-000194', '2023-12-13', '2023-12-16', 'YDAGANTA', 'NOT YET STARTED', '', NULL, 1, 1, 0, ''),
(253, 'MIS-TD-000195', '2023-12-13', '2023-12-16', 'YDAGANTA', 'NOT YET STARTED', '', NULL, 1, 1, 0, ''),
(254, 'MIS-TD-000196', '2023-12-13', '2023-12-16', 'YDAGANTA', 'NOT YET STARTED', '', NULL, 1, 1, 0, ''),
(255, 'MIS-TD-000197', '2023-12-13', '2023-12-18', 'YDAGANTA', 'NOT YET STARTED', '', NULL, 1, 1, 0, ''),
(256, 'MIS-TD-000198', '2023-12-13', '2023-12-18', 'YDAGANTA', 'NOT YET STARTED', '', NULL, 1, 1, 0, ''),
(257, 'MIS-TD-000199', '2023-12-13', '2023-12-18', 'YDAGANTA', 'NOT YET STARTED', '', NULL, 1, 1, 0, ''),
(258, 'MIS-TD-000200', '2023-12-13', '2023-12-18', 'YDAGANTA', 'NOT YET STARTED', '', NULL, 1, 1, 0, ''),
(259, 'MIS-TD-000201', '2023-12-13', '2023-12-18', 'YDAGANTA', 'NOT YET STARTED', '', NULL, 1, 1, 0, ''),
(260, 'MIS-TD-000202', '2023-12-13', '2023-12-19', 'YDAGANTA', 'NOT YET STARTED', '', NULL, 1, 1, 0, ''),
(261, 'MIS-TD-000203', '2023-12-13', '2023-12-19', 'YDAGANTA', 'NOT YET STARTED', '', NULL, 1, 1, 0, ''),
(262, 'MIS-TD-000204', '2023-12-13', '2023-12-19', 'YDAGANTA', 'NOT YET STARTED', '', NULL, 1, 1, 0, ''),
(263, 'MIS-TD-000205', '2023-12-13', '2023-12-19', 'YDAGANTA', 'NOT YET STARTED', '', NULL, 1, 1, 0, ''),
(264, 'MIS-TD-000206', '2023-12-13', '2023-12-19', 'YDAGANTA', 'NOT YET STARTED', '', NULL, 1, 1, 0, ''),
(265, 'MIS-TD-000207', '2023-12-13', '2023-12-20', 'YDAGANTA', 'NOT YET STARTED', '', NULL, 1, 1, 0, ''),
(266, 'MIS-TD-000208', '2023-12-13', '2023-12-20', 'YDAGANTA', 'NOT YET STARTED', '', NULL, 1, 1, 0, ''),
(267, 'MIS-TD-000209', '2023-12-13', '2023-12-20', 'YDAGANTA', 'NOT YET STARTED', '', NULL, 1, 1, 0, ''),
(268, 'MIS-TD-000210', '2023-12-13', '2023-12-20', 'YDAGANTA', 'NOT YET STARTED', '', NULL, 1, 1, 0, ''),
(269, 'MIS-TD-000211', '2023-12-13', '2023-12-20', 'YDAGANTA', 'NOT YET STARTED', '', NULL, 1, 1, 0, ''),
(270, 'MIS-TD-000212', '2023-12-13', '2023-12-21', 'YDAGANTA', 'NOT YET STARTED', '', NULL, 1, 1, 0, ''),
(271, 'MIS-TD-000213', '2023-12-13', '2023-12-21', 'YDAGANTA', 'NOT YET STARTED', '', NULL, 1, 1, 0, ''),
(272, 'MIS-TD-000214', '2023-12-13', '2023-12-21', 'YDAGANTA', 'NOT YET STARTED', '', NULL, 1, 1, 0, ''),
(273, 'MIS-TD-000215', '2023-12-13', '2023-12-21', 'YDAGANTA', 'NOT YET STARTED', '', NULL, 1, 1, 0, ''),
(274, 'MIS-TD-000216', '2023-12-13', '2023-12-21', 'YDAGANTA', 'NOT YET STARTED', '', NULL, 1, 1, 0, ''),
(275, 'FEM-TD-000040', '2023-12-13', '2023-12-13', 'ANEGRITE', 'NOT YET STARTED', '', NULL, 1, 1, 0, ''),
(276, 'FEM-TD-000041', '2023-12-13', '2023-12-13', 'ANEGRITE', 'NOT YET STARTED', '', NULL, 1, 1, 0, ''),
(277, 'FEM-TD-000042', '2023-12-13', '2023-12-13', 'JSIERRA', 'NOT YET STARTED', '', NULL, 1, 1, 0, ''),
(278, 'FEM-TD-000043', '2023-12-13', '2023-12-14', 'ANEGRITE', 'NOT YET STARTED', '', NULL, 1, 1, 0, ''),
(279, 'FEM-TD-000044', '2023-12-13', '2023-12-14', 'ANEGRITE', 'NOT YET STARTED', '', NULL, 1, 1, 0, ''),
(280, 'FEM-TD-000045', '2023-12-13', '2023-12-14', 'ANEGRITE', 'NOT YET STARTED', '', NULL, 1, 1, 0, ''),
(281, 'FEM-TD-000046', '2023-12-13', '2023-12-14', 'ANEGRITE', 'NOT YET STARTED', '', NULL, 1, 1, 0, ''),
(282, 'FEM-TD-000047', '2023-12-13', '2023-12-14', 'ANEGRITE', 'NOT YET STARTED', '', NULL, 1, 1, 0, ''),
(283, 'FEM-TD-000048', '2023-12-13', '2023-12-14', 'JSIERRA', 'NOT YET STARTED', '', NULL, 1, 1, 0, ''),
(284, 'FEM-TD-000049', '2023-12-13', '2023-12-14', 'JSIERRA', 'NOT YET STARTED', '', NULL, 1, 1, 0, ''),
(285, 'FEM-TD-000050', '2023-12-13', '2023-12-14', 'JSIERRA', 'NOT YET STARTED', '', NULL, 1, 1, 0, ''),
(286, 'FEM-TD-000051', '2023-12-13', '2023-12-14', 'JSIERRA', 'NOT YET STARTED', '', NULL, 1, 1, 0, ''),
(287, 'FEM-TD-000052', '2023-12-13', '2023-12-15', 'ANEGRITE', 'NOT YET STARTED', '', NULL, 1, 1, 0, ''),
(288, 'FEM-TD-000053', '2023-12-13', '2023-12-15', 'ANEGRITE', 'NOT YET STARTED', '', NULL, 1, 1, 0, ''),
(289, 'FEM-TD-000054', '2023-12-13', '2023-12-15', 'ANEGRITE', 'NOT YET STARTED', '', NULL, 1, 1, 0, ''),
(290, 'FEM-TD-000055', '2023-12-13', '2023-12-15', 'JSIERRA', 'NOT YET STARTED', '', NULL, 1, 1, 0, ''),
(291, 'FEM-TD-000056', '2023-12-13', '2023-12-15', 'JSIERRA', 'NOT YET STARTED', '', NULL, 1, 1, 0, ''),
(292, 'FEM-TD-000057', '2023-12-13', '2023-12-15', 'JSIERRA', 'NOT YET STARTED', '', NULL, 1, 1, 0, ''),
(293, 'FEM-TD-000058', '2023-12-13', '2023-12-16', 'ANEGRITE', 'NOT YET STARTED', '', NULL, 1, 1, 0, ''),
(294, 'FEM-TD-000059', '2023-12-13', '2023-12-16', 'ANEGRITE', 'NOT YET STARTED', '', NULL, 1, 1, 0, ''),
(295, 'FEM-TD-000060', '2023-12-13', '2023-12-16', 'ANEGRITE', 'NOT YET STARTED', '', NULL, 1, 1, 0, ''),
(296, 'FEM-TD-000061', '2023-12-13', '2023-12-16', 'JSIERRA', 'NOT YET STARTED', '', NULL, 1, 1, 0, ''),
(297, 'FEM-TD-000062', '2023-12-13', '2023-12-16', 'JSIERRA', 'NOT YET STARTED', '', NULL, 1, 1, 0, ''),
(298, 'FEM-TD-000063', '2023-12-13', '2023-12-16', 'JSIERRA', 'NOT YET STARTED', '', NULL, 1, 1, 0, ''),
(299, 'FEM-TD-000064', '2023-12-13', '2023-12-18', 'ANEGRITE', 'NOT YET STARTED', '', NULL, 1, 1, 0, ''),
(300, 'FEM-TD-000065', '2023-12-13', '2023-12-18', 'ANEGRITE', 'NOT YET STARTED', '', NULL, 1, 1, 0, ''),
(301, 'FEM-TD-000066', '2023-12-13', '2023-12-18', 'JSIERRA', 'NOT YET STARTED', '', NULL, 1, 1, 0, ''),
(302, 'FEM-TD-000067', '2023-12-13', '2023-12-18', 'JSIERRA', 'NOT YET STARTED', '', NULL, 1, 1, 0, ''),
(303, 'FEM-TD-000068', '2023-12-13', '2023-12-18', 'JSIERRA', 'NOT YET STARTED', '', NULL, 1, 1, 0, ''),
(304, 'FEM-TD-000069', '2023-12-13', '2023-12-18', 'ANEGRITE', 'NOT YET STARTED', '', NULL, 1, 1, 0, ''),
(305, 'FEM-TD-000070', '2023-12-13', '2023-12-19', 'ANEGRITE', 'NOT YET STARTED', '', NULL, 1, 1, 0, ''),
(306, 'FEM-TD-000071', '2023-12-13', '2023-12-19', 'ANEGRITE', 'NOT YET STARTED', '', NULL, 1, 1, 0, ''),
(307, 'FEM-TD-000072', '2023-12-13', '2023-12-19', 'JSIERRA', 'NOT YET STARTED', '', NULL, 1, 1, 0, ''),
(308, 'FEM-TD-000073', '2023-12-13', '2023-12-19', 'JSIERRA', 'NOT YET STARTED', '', NULL, 1, 1, 0, ''),
(309, 'FEM-TD-000074', '2023-12-13', '2023-12-20', 'ANEGRITE', 'NOT YET STARTED', '', NULL, 1, 1, 0, ''),
(310, 'FEM-TD-000075', '2023-12-13', '2023-12-20', 'ANEGRITE', 'NOT YET STARTED', '', NULL, 1, 1, 0, ''),
(311, 'FEM-TD-000076', '2023-12-13', '2023-12-20', 'JSIERRA', 'NOT YET STARTED', '', NULL, 1, 1, 0, ''),
(312, 'FEM-TD-000077', '2023-12-13', '2023-12-20', 'JSIERRA', 'NOT YET STARTED', '', NULL, 1, 1, 0, ''),
(313, 'FEM-TD-000078', '2023-12-13', '2023-12-20', 'ANEGRITE', 'NOT YET STARTED', '', NULL, 1, 1, 0, ''),
(314, 'FEM-TD-000079', '2023-12-13', '2023-12-21', 'ANEGRITE', 'NOT YET STARTED', '', NULL, 1, 1, 0, ''),
(315, 'FEM-TD-000080', '2023-12-13', '2023-12-21', 'ANEGRITE', 'NOT YET STARTED', '', NULL, 1, 1, 0, ''),
(316, 'FEM-TD-000081', '2023-12-13', '2023-12-21', 'JSIERRA', 'NOT YET STARTED', '', NULL, 1, 1, 0, ''),
(317, 'FEM-TD-000082', '2023-12-13', '2023-12-21', 'JSIERRA', 'NOT YET STARTED', '', NULL, 1, 1, 0, ''),
(318, 'FEM-TD-000083', '2023-12-13', '2023-12-22', 'ANEGRITE', 'NOT YET STARTED', '', NULL, 1, 1, 0, ''),
(319, 'FEM-TD-000084', '2023-12-13', '2023-12-22', 'ANEGRITE', 'NOT YET STARTED', '', NULL, 1, 1, 0, ''),
(320, 'FEM-TD-000085', '2023-12-13', '2023-12-22', 'ANEGRITE', 'NOT YET STARTED', '', NULL, 1, 1, 0, ''),
(321, 'FEM-TD-000086', '2023-12-13', '2023-12-22', 'ANEGRITE', 'NOT YET STARTED', '', NULL, 1, 1, 0, ''),
(322, 'FEM-TD-000087', '2023-12-13', '2023-12-22', 'JSIERRA', 'NOT YET STARTED', '', NULL, 1, 1, 0, ''),
(323, 'FEM-TD-000088', '2023-12-13', '2023-12-22', 'JSIERRA', 'NOT YET STARTED', '', NULL, 1, 1, 0, ''),
(324, 'FEM-TD-000089', '2023-12-13', '2023-12-22', 'JSIERRA', 'NOT YET STARTED', '', NULL, 1, 1, 0, ''),
(325, 'FEM-TD-000090', '2023-12-13', '2023-12-22', 'JSIERRA', 'NOT YET STARTED', '', NULL, 1, 1, 0, ''),
(327, 'SK-TD-000007', '2023-12-15', '2023-12-21', 'BSOLOMON', 'NOT YET STARTED', '', NULL, 1, 1, 2, ''),
(328, 'SK-TD-000014', '2023-12-16', '2023-12-18', 'BSOLOMON', 'NOT YET STARTED', '', NULL, 1, 1, 2, 'Test'),
(329, 'MIS-TD-000041', '2023-12-16', '2023-12-20', 'KMARERO', 'NOT YET STARTED', '', NULL, 1, 0, 2, 'rawr'),
(330, 'MIS-TD-000042', '2023-12-16', '2023-12-19', 'KMARERO', 'NOT YET STARTED', '', NULL, 1, 0, 2, 'testtest'),
(331, 'MIS-TD-000043', '2023-12-16', '2023-12-19', 'KMARERO', 'NOT YET STARTED', '', NULL, 1, 1, 2, 'this is a test'),
(332, 'MIS-TD-000044', '2023-12-16', '2023-12-27', 'KMARERO', 'NOT YET STARTED', '', NULL, 1, 1, 2, 'This is another test'),
(333, 'SK-TD-000017', '2023-12-18', '2023-12-19', 'OBUGARIN', 'NOT YET STARTED', '', NULL, 1, 1, 1, 'TEST'),
(334, 'SK-TD-000001', '2023-12-12', '2023-12-20', 'OBUGARIN', 'IN PROGRESS', '', NULL, 1, 1, 0, ''),
(335, 'SK-TD-000001', '2023-12-12', '2023-12-21', 'OBUGARIN', 'NOT YET STARTED', '', NULL, 1, 1, 0, ''),
(336, 'SK-TD-000001', '2023-12-12', '2023-12-19', 'OBUGARIN', 'IN PROGRESS', '', NULL, 1, 1, 0, ''),
(337, 'SK-TD-000001', '2023-12-12', '2023-12-17', 'OBUGARIN', 'NOT YET STARTED', '', NULL, 1, 1, 1, ''),
(338, 'SK-TD-000001', '2023-12-12', '2023-12-16', 'OBUGARIN', 'NOT YET STARTED', '', NULL, 1, 1, 0, ''),
(339, 'SK-TD-000001', '2023-12-20', '2023-12-18', 'OBUGARIN', 'NOT YET STARTED', '', NULL, 1, 1, 1, 'jhhsdkah'),
(340, 'SK-TD-000001', '2023-12-20', '2023-12-21', 'OBUGARIN', 'NOT YET STARTED', '', NULL, 1, 1, 2, 'test'),
(341, 'SK-TD-000017', '2023-12-20', '2023-12-21', 'OBUGARIN', 'NOT YET STARTED', '', NULL, 1, 0, 2, 'dddddddddddddddddd'),
(342, 'SK-TD-000001', '2023-12-12', '2023-12-18', 'OBUGARIN', 'NOT YET STARTED', '', NULL, 1, 1, 1, ''),
(343, 'SK-TD-000001', '2023-12-12', '2023-12-19', 'OBUGARIN', 'NOT YET STARTED', '', NULL, 1, 1, 1, ''),
(344, 'SK-TD-000020', '2023-12-16', '2023-12-18', 'OBUGARIN', 'NOT YET STARTED', '', NULL, 1, 1, 1, ''),
(345, 'SK-TD-000020', '2023-12-16', '2023-12-17', 'OBUGARIN', 'NOT YET STARTED', '', NULL, 1, 1, 1, ''),
(346, 'SK-TD-000020', '2023-12-20', '2023-12-21', 'OBUGARIN', 'NOT YET STARTED', '', NULL, 1, 0, 2, 'qweee'),
(347, 'SK-TD-000020', '2023-12-20', '2023-12-20', 'OBUGARIN', 'NOT YET STARTED', '', NULL, 1, 0, 2, 'dd'),
(348, 'SK-TD-000020', '2023-12-16', '2023-12-18', 'OBUGARIN', 'NOT YET STARTED', '', NULL, 1, 1, 1, ''),
(349, 'SK-TD-000020', '2023-12-20', '2023-12-21', 'OBUGARIN', 'NOT YET STARTED', '', NULL, 1, 0, 2, 'fff'),
(350, 'SK-TD-000020', '2023-12-20', '2023-12-20', 'OBUGARIN', 'NOT YET STARTED', '', NULL, 1, 0, 2, 'hh'),
(351, 'SK-TD-000020', '2023-12-20', '2023-12-20', 'OBUGARIN', 'NOT YET STARTED', '', NULL, 1, 0, 2, 'ddd'),
(352, 'SK-TD-000020', '2023-12-20', '2023-12-21', 'OBUGARIN', 'NOT YET STARTED', '', NULL, 1, 0, 2, 'ffff'),
(353, 'SK-TD-000001', '2023-12-20', '2023-12-20', 'OBUGARIN', 'NOT YET STARTED', '', NULL, 1, 0, 2, 'dddd'),
(354, 'SK-TD-000001', '2023-12-20', '2023-12-18', 'OBUGARIN', 'NOT YET STARTED', '', NULL, 1, 1, 1, 'kkkk'),
(355, 'SK-TD-000001', '2023-12-20', '2023-12-21', 'OBUGARIN', 'NOT YET STARTED', '', NULL, 1, 0, 2, 'gg');

-- --------------------------------------------------------

--
-- Table structure for table `task_class`
--

CREATE TABLE `task_class` (
  `id` int(50) NOT NULL,
  `task_class` varchar(50) NOT NULL
) ENGINE=InnoDB DEFAULT CHARSET=latin1;

--
-- Dumping data for table `task_class`
--

INSERT INTO `task_class` (`id`, `task_class`) VALUES
(1, 'DAILY ROUTINE'),
(2, 'WEEKLY ROUTINE'),
(3, 'MONTHLY ROUTINE'),
(4, 'ADDITIONAL TASK'),
(5, 'PROJECT');

-- --------------------------------------------------------

--
-- Table structure for table `task_list`
--

CREATE TABLE `task_list` (
  `id` int(50) NOT NULL,
  `task_code` varchar(50) NOT NULL,
  `task_name` varchar(150) NOT NULL,
  `task_details` varchar(500) DEFAULT NULL,
  `task_class` varchar(150) NOT NULL,
  `task_for` varchar(50) NOT NULL,
  `status` int(1) NOT NULL
) ENGINE=InnoDB DEFAULT CHARSET=latin1;

--
-- Dumping data for table `task_list`
--

INSERT INTO `task_list` (`id`, `task_code`, `task_name`, `task_details`, `task_class`, `task_for`, `status`) VALUES
(1, 'SK-TD-000001', 'System Development- System Kaizen Helpdesk', NULL, '2', 'SK', 1),
(2, 'SK-TD-000002', 'System Development- Task Management System', NULL, '3', 'SK', 1),
(3, 'SK-TD-000003', 'System Maintenance', NULL, '1', 'SK', 1),
(4, 'SK-TD-000004', 'Making of Presentations for Perfect Attendance Awardee', NULL, '1', 'SK', 1),
(5, 'SK-TD-000005', 'System Development- Task Management System', NULL, '1', 'SK', 1),
(6, 'SK-TD-000006', 'System Development- System Kaizen Helpdesk', NULL, '1', 'SK', 1),
(7, 'SK-TD-000007', 'System Development- Task Management System', NULL, '1', 'SK', 1),
(8, 'SK-TD-000008', 'System Maintenance', NULL, '1', 'SK', 1),
(9, 'SK-TD-000009', 'Making of Presentations for Perfect Attendance Awardee', NULL, '1', 'SK', 1),
(10, 'SK-TD-000010', 'System Development- Task Management System', NULL, '1', 'SK', 1),
(11, 'SK-TD-000011', 'System Development- System Kaizen Helpdesk', NULL, '1', 'SK', 1),
(12, 'SK-TD-000012', 'System Development- Task Management System', NULL, '1', 'SK', 1),
(13, 'SK-TD-000013', 'System Maintenance', NULL, '1', 'SK', 1),
(14, 'SK-TD-000014', 'Making of Presentations for Belen Making Contest', NULL, '1', 'SK', 1),
(15, 'SK-TD-000015', 'System Development- Task Management System', NULL, '1', 'SK', 1),
(16, 'SK-TD-000016', 'System Development- Task Management System', NULL, '1', 'SK', 1),
(17, 'SK-TD-000017', 'System Maintenance', NULL, '1', 'SK', 1),
(18, 'SK-TD-000018', 'Making of Presentations for Belen Making Contest', NULL, '1', 'SK', 1),
(19, 'SK-TD-000019', 'System Development- Task Management System', NULL, '1', 'SK', 1),
(20, 'FEM-TD-000001', 'Check security guard checklist', NULL, '1', 'FEM', 1),
(21, 'FEM-TD-000002', 'Cleaning of Aircon filters ', NULL, '1', 'FEM', 1),
(22, 'FEM-TD-000003', 'Cleaning of Exhaust Fan', NULL, '1', 'FEM', 1),
(23, 'FEM-TD-000004', 'PM of Aircon #19 & 03', NULL, '1', 'FEM', 1),
(24, 'FEM-TD-000005', 'PM of Aircon #19 & 03', NULL, '1', 'FEM', 1),
(25, 'FEM-TD-000006', 'PM of Aircon #28 & 29', NULL, '1', 'FEM', 1),
(26, 'FEM-TD-000007', 'PM of Aircon #28 & 29', NULL, '1', 'FEM', 1),
(27, 'FEM-TD-000008', 'Check security guard checklist', NULL, '1', 'FEM', 1),
(28, 'FEM-TD-000009', 'Cleaning of Aircon filters ', NULL, '1', 'FEM', 1),
(29, 'FEM-TD-000010', 'Cleaning of Exhaust Fan', NULL, '1', 'FEM', 1),
(30, 'FEM-TD-000011', 'PM of ACU #20 & 04', NULL, '1', 'FEM', 1),
(31, 'FEM-TD-000012', 'PM of ACU #20 & 04', NULL, '1', 'FEM', 1),
(32, 'FEM-TD-000013', 'Cleaning of Aircon filters ', NULL, '1', 'FEM', 1),
(33, 'FEM-TD-000014', 'Cleaning of Exhaust Fan', NULL, '1', 'FEM', 1),
(34, 'FEM-TD-000015', 'PM of Aircon # 30 (GPI 1)& 01, 02 (GPI 3)', NULL, '1', 'FEM', 1),
(35, 'FEM-TD-000016', 'PM of Aircon # 30 (GPI 1)& 01, 02 (GPI 3)', NULL, '1', 'FEM', 1),
(36, 'FEM-TD-000017', 'PM of Aircon # 30 (GPI 1)& 01, 02 (GPI 3)', NULL, '1', 'FEM', 1),
(37, 'FEM-TD-000018', 'PM of Aircon # 30 (GPI 1)& 01, 02 (GPI 3)', NULL, '1', 'FEM', 1),
(38, 'FEM-TD-000019', 'Check security guard checklist', NULL, '1', 'FEM', 1),
(39, 'FEM-TD-000020', 'Cleaning of Aircon filters ', NULL, '1', 'FEM', 1),
(40, 'FEM-TD-000021', 'Cleaning of Exhaust Fan', NULL, '1', 'FEM', 1),
(41, 'FEM-TD-000022', 'PM of Aircon # 21 & 22', NULL, '1', 'FEM', 1),
(42, 'FEM-TD-000023', 'PM of Aircon # 21 & 22', NULL, '1', 'FEM', 1),
(43, 'FEM-TD-000024', 'Cleaning of Aircon filters ', NULL, '1', 'FEM', 1),
(44, 'FEM-TD-000025', 'Cleaning of Exhaust Fan', NULL, '1', 'FEM', 1),
(45, 'FEM-TD-000026', 'PM of ACU #31, 32, 33, 34 & 35', NULL, '1', 'FEM', 1),
(46, 'FEM-TD-000027', 'PM of ACU #31, 32, 33, 34 & 35', NULL, '1', 'FEM', 1),
(47, 'FEM-TD-000028', 'PM of ACU #31, 32, 33, 34 & 35', NULL, '1', 'FEM', 1),
(48, 'FEM-TD-000029', 'PM of ACU #31, 32, 33, 34 & 35', NULL, '1', 'FEM', 1),
(49, 'FEM-TD-000030', 'Check security guard checklist', NULL, '1', 'FEM', 1),
(50, 'FEM-TD-000031', 'Cleaning of Aircon filters ', NULL, '1', 'FEM', 1),
(51, 'FEM-TD-000032', 'Cleaning of Exhaust Fan', NULL, '1', 'FEM', 1),
(52, 'FEM-TD-000033', 'PM of ACU #23', NULL, '1', 'FEM', 1),
(53, 'FEM-TD-000034', 'Cleaning of Aircon filters ', NULL, '1', 'FEM', 1),
(54, 'FEM-TD-000035', 'Cleaning of Exhaust Fan', NULL, '1', 'FEM', 1),
(55, 'FEM-TD-000036', 'PM of ACU #37, 38, 39,40 and ACU #03', NULL, '1', 'FEM', 1),
(56, 'FEM-TD-000037', 'PM of ACU #37, 38, 39,40 and ACU #03', NULL, '1', 'FEM', 1),
(57, 'FEM-TD-000038', 'PM of ACU #37, 38, 39,40 and ACU #03', NULL, '1', 'FEM', 1),
(58, 'FEM-TD-000039', 'PM of ACU #37, 38, 39,40 and ACU #03', NULL, '1', 'FEM', 1),
(59, 'MIS-TD-000001', 'Conduct Preventive Maintenance', NULL, '1', 'MIS', 1),
(60, 'MIS-TD-000002', 'Checking and Patch Deployment to workstation', NULL, '1', 'MIS', 1),
(61, 'MIS-TD-000003', 'Updating of IP, computer , tablet and server masterlist', NULL, '1', 'MIS', 1),
(62, 'MIS-TD-000004', 'Checking of CCTV and updating of record', NULL, '1', 'MIS', 1),
(63, 'MIS-TD-000005', 'Attending JO request', NULL, '1', 'MIS', 1),
(64, 'MIS-TD-000006', 'Conduct Preventive Maintenance', NULL, '1', 'MIS', 1),
(65, 'MIS-TD-000007', 'Checking and Patch Deployment to workstation', NULL, '1', 'MIS', 1),
(66, 'MIS-TD-000008', 'Updating of IP, computer , tablet and server masterlist', NULL, '1', 'MIS', 1),
(67, 'MIS-TD-000009', 'Checking of CCTV and updating of record', NULL, '1', 'MIS', 1),
(68, 'MIS-TD-000010', 'Attending JO request', NULL, '1', 'MIS', 1),
(69, 'MIS-TD-000011', 'Conduct Preventive Maintenance', NULL, '1', 'MIS', 1),
(70, 'MIS-TD-000012', 'Checking and Patch Deployment to workstation', NULL, '1', 'MIS', 1),
(71, 'MIS-TD-000013', 'Updating of IP, computer , tablet and server masterlist', NULL, '1', 'MIS', 1),
(72, 'MIS-TD-000014', 'Checking of CCTV and updating of record', NULL, '1', 'MIS', 1),
(73, 'MIS-TD-000015', 'Attending JO request', NULL, '1', 'MIS', 1),
(74, 'MIS-TD-000016', 'Conduct Preventive Maintenance', NULL, '1', 'MIS', 1),
(75, 'MIS-TD-000017', 'Checking and Patch Deployment to workstation', NULL, '1', 'MIS', 1),
(76, 'MIS-TD-000018', 'Updating of IP, computer , tablet and server masterlist', NULL, '1', 'MIS', 1),
(77, 'MIS-TD-000019', 'Checking of CCTV and updating of record', NULL, '1', 'MIS', 1),
(78, 'MIS-TD-000020', 'Attending JO request', NULL, '1', 'MIS', 1),
(79, 'MIS-TD-000021', 'Conduct Preventive Maintenance', NULL, '1', 'MIS', 1),
(80, 'MIS-TD-000022', 'Checking and Patch Deployment to workstation', NULL, '1', 'MIS', 1),
(81, 'MIS-TD-000023', 'Updating of IP, computer , tablet and server masterlist', NULL, '1', 'MIS', 1),
(82, 'MIS-TD-000024', 'Checking of CCTV and updating of record', NULL, '1', 'MIS', 1),
(83, 'MIS-TD-000025', 'Attending JO request', NULL, '1', 'MIS', 1),
(84, 'MIS-TD-000026', 'Conduct Preventive Maintenance', NULL, '1', 'MIS', 1),
(85, 'MIS-TD-000027', 'Checking and Patch Deployment to workstation', NULL, '1', 'MIS', 1),
(86, 'MIS-TD-000028', 'Updating of IP, computer , tablet and server masterlist', NULL, '1', 'MIS', 1),
(87, 'MIS-TD-000029', 'Checking of CCTV and updating of record', NULL, '1', 'MIS', 1),
(88, 'MIS-TD-000030', 'Attending JO request', NULL, '1', 'MIS', 1),
(89, 'MIS-TD-000031', 'Conduct Preventive Maintenance', NULL, '1', 'MIS', 1),
(90, 'MIS-TD-000032', 'Checking and Patch Deployment to workstation', NULL, '1', 'MIS', 1),
(91, 'MIS-TD-000033', 'Updating of IP, computer , tablet and server masterlist', NULL, '1', 'MIS', 1),
(92, 'MIS-TD-000034', 'Checking of CCTV and updating of record', NULL, '1', 'MIS', 1),
(93, 'MIS-TD-000035', 'Attending JO request', NULL, '1', 'MIS', 1),
(94, 'MIS-TD-000036', 'Conduct Preventive Maintenance', NULL, '1', 'MIS', 1),
(95, 'MIS-TD-000037', 'Checking and Patch Deployment to workstation', NULL, '1', 'MIS', 1),
(96, 'MIS-TD-000038', 'Updating of IP, computer , tablet and server masterlist', NULL, '1', 'MIS', 1),
(97, 'MIS-TD-000039', 'Checking of CCTV and updating of record', NULL, '1', 'MIS', 1),
(98, 'MIS-TD-000040', 'Attending JO request', NULL, '1', 'MIS', 1),
(99, 'MIS-TD-000041', 'Conduct Preventive Maintenance', NULL, '1', 'MIS', 1),
(100, 'MIS-TD-000042', 'Checking and Patch Deployment to workstation', NULL, '1', 'MIS', 1),
(101, 'MIS-TD-000043', 'Checking and Patch Deployment to server nd workstation', NULL, '1', 'MIS', 1),
(102, 'MIS-TD-000044', 'Attending JO request', NULL, '1', 'MIS', 1),
(103, 'MIS-TD-000045', 'Checking and for security and functionality of server, network and offsite back up', NULL, '1', 'MIS', 1),
(104, 'MIS-TD-000046', 'Attending malware detection from EDR (include on information security report)', NULL, '1', 'MIS', 1),
(105, 'MIS-TD-000047', 'Conduct Preventive Maintenance', NULL, '1', 'MIS', 1),
(106, 'MIS-TD-000048', 'Checking and Patch Deployment to workstation', NULL, '1', 'MIS', 1),
(107, 'MIS-TD-000049', 'Checking and Patch Deployment to server nd workstation', NULL, '1', 'MIS', 1),
(108, 'MIS-TD-000050', 'Attending JO request', NULL, '1', 'MIS', 1),
(109, 'MIS-TD-000051', 'Checking and for security and functionality of server, network and offsite back up', NULL, '1', 'MIS', 1),
(110, 'MIS-TD-000052', 'Attending malware detection from EDR (include on information security report)', NULL, '1', 'MIS', 1),
(111, 'MIS-TD-000053', 'Conduct Preventive Maintenance', NULL, '1', 'MIS', 1),
(112, 'MIS-TD-000054', 'Checking and Patch Deployment to workstation', NULL, '1', 'MIS', 1),
(113, 'MIS-TD-000055', 'Checking and Patch Deployment to server nd workstation', NULL, '1', 'MIS', 1),
(114, 'MIS-TD-000056', 'Attending JO request', NULL, '1', 'MIS', 1),
(115, 'MIS-TD-000057', 'Checking and for security and functionality of server, network and offsite back up', NULL, '1', 'MIS', 1),
(116, 'MIS-TD-000058', 'Attending malware detection from EDR (include on information security report)', NULL, '1', 'MIS', 1),
(117, 'MIS-TD-000059', 'Conduct Preventive Maintenance', NULL, '1', 'MIS', 1),
(118, 'MIS-TD-000060', 'Checking and Patch Deployment to workstation', NULL, '1', 'MIS', 1),
(119, 'MIS-TD-000061', 'Checking and Patch Deployment to server nd workstation', NULL, '1', 'MIS', 1),
(120, 'MIS-TD-000062', 'Attending JO request', NULL, '1', 'MIS', 1),
(121, 'MIS-TD-000063', 'Checking and for security and functionality of server, network and offsite back up', NULL, '1', 'MIS', 1),
(122, 'MIS-TD-000064', 'Attending malware detection from EDR (include on information security report)', NULL, '1', 'MIS', 1),
(123, 'MIS-TD-000065', 'Conduct Preventive Maintenance', NULL, '1', 'MIS', 1),
(124, 'MIS-TD-000066', 'Checking and Patch Deployment to workstation', NULL, '1', 'MIS', 1),
(125, 'MIS-TD-000067', 'Checking and Patch Deployment to server nd workstation', NULL, '1', 'MIS', 1),
(126, 'MIS-TD-000068', 'Attending JO request', NULL, '1', 'MIS', 1),
(127, 'MIS-TD-000069', 'Checking and for security and functionality of server, network and offsite back up', NULL, '1', 'MIS', 1),
(128, 'MIS-TD-000070', 'Attending malware detection from EDR (include on information security report)', NULL, '1', 'MIS', 1),
(129, 'MIS-TD-000071', 'Conduct Preventive Maintenance', NULL, '1', 'MIS', 1),
(130, 'MIS-TD-000072', 'Checking and Patch Deployment to workstation', NULL, '1', 'MIS', 1),
(131, 'MIS-TD-000073', 'Checking and Patch Deployment to server nd workstation', NULL, '1', 'MIS', 1),
(132, 'MIS-TD-000074', 'Attending JO request', NULL, '1', 'MIS', 1),
(133, 'MIS-TD-000075', 'Checking and for security and functionality of server, network and offsite back up', NULL, '1', 'MIS', 1),
(134, 'MIS-TD-000076', 'Attending malware detection from EDR (include on information security report)', NULL, '1', 'MIS', 1),
(135, 'MIS-TD-000077', 'Conduct Preventive Maintenance', NULL, '1', 'MIS', 1),
(136, 'MIS-TD-000078', 'Checking and Patch Deployment to workstation', NULL, '1', 'MIS', 1),
(137, 'MIS-TD-000079', 'Checking and Patch Deployment to server nd workstation', NULL, '1', 'MIS', 1),
(138, 'MIS-TD-000080', 'Attending JO request', NULL, '1', 'MIS', 1),
(139, 'MIS-TD-000081', 'Checking and for security and functionality of server, network and offsite back up', NULL, '1', 'MIS', 1),
(140, 'MIS-TD-000082', 'Attending malware detection from EDR (include on information security report)', NULL, '1', 'MIS', 1),
(141, 'MIS-TD-000083', 'Conduct Preventive Maintenance', NULL, '1', 'MIS', 1),
(142, 'MIS-TD-000084', 'Checking and Patch Deployment to workstation', NULL, '1', 'MIS', 1),
(143, 'MIS-TD-000085', 'Checking and Patch Deployment to server nd workstation', NULL, '1', 'MIS', 1),
(144, 'MIS-TD-000086', 'Attending JO request', NULL, '1', 'MIS', 1),
(145, 'MIS-TD-000087', 'Checking and for security and functionality of server, network and offsite back up', NULL, '1', 'MIS', 1),
(146, 'MIS-TD-000088', 'Attending malware detection from EDR (include on information security report)', NULL, '1', 'MIS', 1),
(147, 'MIS-TD-000089', 'Conduct Preventive Maintenance', NULL, '1', 'MIS', 1),
(148, 'MIS-TD-000090', 'Checking and Patch Deployment to server nd workstation', NULL, '1', 'MIS', 1),
(149, 'MIS-TD-000091', 'Attending JO request', NULL, '1', 'MIS', 1),
(150, 'MIS-TD-000092', 'System development (process, data structure , functionality, design)', NULL, '1', 'MIS', 1),
(151, 'MIS-TD-000093', 'Conduct Preventive Maintenance', NULL, '1', 'MIS', 1),
(152, 'MIS-TD-000094', 'Checking and Patch Deployment to server nd workstation', NULL, '1', 'MIS', 1),
(153, 'MIS-TD-000095', 'Attending JO request', NULL, '1', 'MIS', 1),
(154, 'MIS-TD-000096', 'System development (process, data structure , functionality, design)', NULL, '1', 'MIS', 1),
(155, 'MIS-TD-000097', 'Conduct Preventive Maintenance', NULL, '1', 'MIS', 1),
(156, 'MIS-TD-000098', 'Checking and Patch Deployment to server nd workstation', NULL, '1', 'MIS', 1),
(157, 'MIS-TD-000099', 'Attending JO request', NULL, '1', 'MIS', 1),
(158, 'MIS-TD-000100', 'System development (process, data structure , functionality, design)', NULL, '1', 'MIS', 1),
(159, 'MIS-TD-000101', 'Conduct Preventive Maintenance', NULL, '1', 'MIS', 1),
(160, 'MIS-TD-000102', 'Checking and Patch Deployment to server nd workstation', NULL, '1', 'MIS', 1),
(161, 'MIS-TD-000103', 'Attending JO request', NULL, '1', 'MIS', 1),
(162, 'MIS-TD-000104', 'System development (process, data structure , functionality, design)', NULL, '1', 'MIS', 1),
(163, 'MIS-TD-000105', 'Conduct Preventive Maintenance', NULL, '1', 'MIS', 1),
(164, 'MIS-TD-000106', 'Checking and Patch Deployment to server nd workstation', NULL, '1', 'MIS', 1),
(165, 'MIS-TD-000107', 'Attending JO request', NULL, '1', 'MIS', 1),
(166, 'MIS-TD-000108', 'System development (process, data structure , functionality, design)', NULL, '1', 'MIS', 1),
(167, 'MIS-TD-000109', 'Conduct Preventive Maintenance', NULL, '1', 'MIS', 1),
(168, 'MIS-TD-000110', 'Checking and Patch Deployment to server nd workstation', NULL, '1', 'MIS', 1),
(169, 'MIS-TD-000111', 'Attending JO request', NULL, '1', 'MIS', 1),
(170, 'MIS-TD-000112', 'System development (process, data structure , functionality, design)', NULL, '1', 'MIS', 1),
(171, 'MIS-TD-000113', 'Conduct Preventive Maintenance', NULL, '1', 'MIS', 1),
(172, 'MIS-TD-000114', 'Checking and Patch Deployment to server nd workstation', NULL, '1', 'MIS', 1),
(173, 'MIS-TD-000115', 'Attending JO request', NULL, '1', 'MIS', 1),
(174, 'MIS-TD-000116', 'System development (process, data structure , functionality, design)', NULL, '1', 'MIS', 1),
(175, 'MIS-TD-000117', 'Conduct Preventive Maintenance', NULL, '1', 'MIS', 1),
(176, 'MIS-TD-000118', 'Checking and Patch Deployment to server nd workstation', NULL, '1', 'MIS', 1),
(177, 'MIS-TD-000119', 'Attending JO request', NULL, '1', 'MIS', 1),
(178, 'MIS-TD-000120', 'System development (process, data structure , functionality, design)', NULL, '1', 'MIS', 1),
(179, 'MIS-TD-000121', 'Attending JO request', NULL, '1', 'MIS', 1),
(180, 'MIS-TD-000122', 'Updating record and system functionality for DTR server and viewer to guard house', NULL, '1', 'MIS', 1),
(181, 'MIS-TD-000123', 'Attending JO request', NULL, '1', 'MIS', 1),
(182, 'MIS-TD-000124', 'Updating record and system functionality for DTR server and viewer to guard house', NULL, '1', 'MIS', 1),
(183, 'MIS-TD-000125', 'Attending JO request', NULL, '1', 'MIS', 1),
(184, 'MIS-TD-000126', 'Updating record and system functionality for DTR server and viewer to guard house', NULL, '1', 'MIS', 1),
(185, 'MIS-TD-000127', 'Attending JO request', NULL, '1', 'MIS', 1),
(186, 'MIS-TD-000128', 'Updating record and system functionality for DTR server and viewer to guard house', NULL, '1', 'MIS', 1),
(187, 'MIS-TD-000129', 'Attending JO request', NULL, '1', 'MIS', 1),
(188, 'MIS-TD-000130', 'Updating record and system functionality for DTR server and viewer to guard house', NULL, '1', 'MIS', 1),
(189, 'MIS-TD-000131', 'Attending JO request', NULL, '1', 'MIS', 1),
(190, 'MIS-TD-000132', 'Updating record and system functionality for DTR server and viewer to guard house', NULL, '1', 'MIS', 1),
(191, 'MIS-TD-000133', 'Attending JO request', NULL, '1', 'MIS', 1),
(192, 'MIS-TD-000134', 'Updating record and system functionality for DTR server and viewer to guard house', NULL, '1', 'MIS', 1),
(193, 'MIS-TD-000135', 'Attending JO request', NULL, '1', 'MIS', 1),
(194, 'MIS-TD-000136', 'Updating record and system functionality for DTR server and viewer to guard house', NULL, '1', 'MIS', 1),
(195, 'MIS-TD-000137', 'Conduct Preventive Maintenance', NULL, '1', 'MIS', 1),
(196, 'MIS-TD-000138', 'Checking and Patch Deployment to workstation', NULL, '1', 'MIS', 1),
(197, 'MIS-TD-000139', 'Updating of IP, Computer , Tablet and server masterlist', NULL, '1', 'MIS', 1),
(198, 'MIS-TD-000140', 'Attending JO request', NULL, '1', 'MIS', 1),
(199, 'MIS-TD-000141', 'Updating record and system functionality for DTR server and viewer to guard house', NULL, '1', 'MIS', 1),
(200, 'MIS-TD-000142', 'Conduct Preventive Maintenance', NULL, '1', 'MIS', 1),
(201, 'MIS-TD-000143', 'Checking and Patch Deployment to workstation', NULL, '1', 'MIS', 1),
(202, 'MIS-TD-000144', 'Updating of IP, Computer , Tablet and server masterlist', NULL, '1', 'MIS', 1),
(203, 'MIS-TD-000145', 'Attending JO request', NULL, '1', 'MIS', 1),
(204, 'MIS-TD-000146', 'Updating record and system functionality for DTR server and viewer to guard house', NULL, '1', 'MIS', 1),
(205, 'MIS-TD-000147', 'Conduct Preventive Maintenance', NULL, '1', 'MIS', 1),
(206, 'MIS-TD-000148', 'Checking and Patch Deployment to workstation', NULL, '1', 'MIS', 1),
(207, 'MIS-TD-000149', 'Updating of IP, Computer , Tablet and server masterlist', NULL, '1', 'MIS', 1),
(208, 'MIS-TD-000150', 'Attending JO request', NULL, '1', 'MIS', 1),
(209, 'MIS-TD-000151', 'Updating record and system functionality for DTR server and viewer to guard house', NULL, '1', 'MIS', 1),
(210, 'MIS-TD-000152', 'Conduct Preventive Maintenance', NULL, '1', 'MIS', 1),
(211, 'MIS-TD-000153', 'Checking and Patch Deployment to workstation', NULL, '1', 'MIS', 1),
(212, 'MIS-TD-000154', 'Updating of IP, Computer , Tablet and server masterlist', NULL, '1', 'MIS', 1),
(213, 'MIS-TD-000155', 'Attending JO request', NULL, '1', 'MIS', 1),
(214, 'MIS-TD-000156', 'Updating record and system functionality for DTR server and viewer to guard house', NULL, '1', 'MIS', 1),
(215, 'MIS-TD-000157', 'Conduct Preventive Maintenance', NULL, '1', 'MIS', 1),
(216, 'MIS-TD-000158', 'Checking and Patch Deployment to workstation', NULL, '1', 'MIS', 1),
(217, 'MIS-TD-000159', 'Updating of IP, Computer , Tablet and server masterlist', NULL, '1', 'MIS', 1),
(218, 'MIS-TD-000160', 'Attending JO request', NULL, '1', 'MIS', 1),
(219, 'MIS-TD-000161', 'Updating record and system functionality for DTR server and viewer to guard house', NULL, '1', 'MIS', 1),
(220, 'MIS-TD-000162', 'Conduct Preventive Maintenance', NULL, '1', 'MIS', 1),
(221, 'MIS-TD-000163', 'Checking and Patch Deployment to workstation', NULL, '1', 'MIS', 1),
(222, 'MIS-TD-000164', 'Updating of IP, Computer , Tablet and server masterlist', NULL, '1', 'MIS', 1),
(223, 'MIS-TD-000165', 'Attending JO request', NULL, '1', 'MIS', 1),
(224, 'MIS-TD-000166', 'Updating record and system functionality for DTR server and viewer to guard house', NULL, '1', 'MIS', 1),
(225, 'MIS-TD-000167', 'Conduct Preventive Maintenance', NULL, '1', 'MIS', 1),
(226, 'MIS-TD-000168', 'Checking and Patch Deployment to workstation', NULL, '1', 'MIS', 1),
(227, 'MIS-TD-000169', 'Updating of IP, Computer , Tablet and server masterlist', NULL, '1', 'MIS', 1),
(228, 'MIS-TD-000170', 'Attending JO request', NULL, '1', 'MIS', 1),
(229, 'MIS-TD-000171', 'Updating record and system functionality for DTR server and viewer to guard house', NULL, '1', 'MIS', 1),
(230, 'MIS-TD-000172', 'Conduct Preventive Maintenance', NULL, '1', 'MIS', 1),
(231, 'MIS-TD-000173', 'Checking and Patch Deployment to workstation', NULL, '1', 'MIS', 1),
(232, 'MIS-TD-000174', 'Updating of IP, Computer , Tablet and server masterlist', NULL, '1', 'MIS', 1),
(233, 'MIS-TD-000175', 'Attending JO request', NULL, '1', 'MIS', 1),
(234, 'MIS-TD-000176', 'Updating record and system functionality for DTR server and viewer to guard house', NULL, '1', 'MIS', 1),
(235, 'MIS-TD-000177', 'Conduct Preventive Maintenance', NULL, '1', 'MIS', 1),
(236, 'MIS-TD-000178', 'Checking and Patch Deployment to workstation', NULL, '1', 'MIS', 1),
(237, 'MIS-TD-000179', 'Checking of CCTV and updating of record', NULL, '1', 'MIS', 1),
(238, 'MIS-TD-000180', 'Attending JO request', NULL, '1', 'MIS', 1),
(239, 'MIS-TD-000181', 'Syncronization of time for CCTV and all biometric device', NULL, '1', 'MIS', 1),
(240, 'MIS-TD-000182', 'Conduct Preventive Maintenance', NULL, '1', 'MIS', 1),
(241, 'MIS-TD-000183', 'Checking and Patch Deployment to workstation', NULL, '1', 'MIS', 1),
(242, 'MIS-TD-000184', 'Checking of CCTV and updating of record', NULL, '1', 'MIS', 1),
(243, 'MIS-TD-000185', 'Attending JO request', NULL, '1', 'MIS', 1),
(244, 'MIS-TD-000186', 'Syncronization of time for CCTV and all biometric device', NULL, '1', 'MIS', 1),
(245, 'MIS-TD-000187', 'Conduct Preventive Maintenance', NULL, '1', 'MIS', 1),
(246, 'MIS-TD-000188', 'Checking and Patch Deployment to workstation', NULL, '1', 'MIS', 1),
(247, 'MIS-TD-000189', 'Checking of CCTV and updating of record', NULL, '1', 'MIS', 1),
(248, 'MIS-TD-000190', 'Attending JO request', NULL, '1', 'MIS', 1),
(249, 'MIS-TD-000191', 'Syncronization of time for CCTV and all biometric device', NULL, '1', 'MIS', 1),
(250, 'MIS-TD-000192', 'Conduct Preventive Maintenance', NULL, '1', 'MIS', 1),
(251, 'MIS-TD-000193', 'Checking and Patch Deployment to workstation', NULL, '1', 'MIS', 1),
(252, 'MIS-TD-000194', 'Checking of CCTV and updating of record', NULL, '1', 'MIS', 1),
(253, 'MIS-TD-000195', 'Attending JO request', NULL, '1', 'MIS', 1),
(254, 'MIS-TD-000196', 'Syncronization of time for CCTV and all biometric device', NULL, '1', 'MIS', 1),
(255, 'MIS-TD-000197', 'Conduct Preventive Maintenance', NULL, '1', 'MIS', 1),
(256, 'MIS-TD-000198', 'Checking and Patch Deployment to workstation', NULL, '1', 'MIS', 1),
(257, 'MIS-TD-000199', 'Checking of CCTV and updating of record', NULL, '1', 'MIS', 1),
(258, 'MIS-TD-000200', 'Attending JO request', NULL, '1', 'MIS', 1),
(259, 'MIS-TD-000201', 'Syncronization of time for CCTV and all biometric device', NULL, '1', 'MIS', 1),
(260, 'MIS-TD-000202', 'Conduct Preventive Maintenance', NULL, '1', 'MIS', 1),
(261, 'MIS-TD-000203', 'Checking and Patch Deployment to workstation', NULL, '1', 'MIS', 1),
(262, 'MIS-TD-000204', 'Checking of CCTV and updating of record', NULL, '1', 'MIS', 1),
(263, 'MIS-TD-000205', 'Attending JO request', NULL, '1', 'MIS', 1),
(264, 'MIS-TD-000206', 'Syncronization of time for CCTV and all biometric device', NULL, '1', 'MIS', 1),
(265, 'MIS-TD-000207', 'Conduct Preventive Maintenance', NULL, '1', 'MIS', 1),
(266, 'MIS-TD-000208', 'Checking and Patch Deployment to workstation', NULL, '1', 'MIS', 1),
(267, 'MIS-TD-000209', 'Checking of CCTV and updating of record', NULL, '1', 'MIS', 1),
(268, 'MIS-TD-000210', 'Attending JO request', NULL, '1', 'MIS', 1),
(269, 'MIS-TD-000211', 'Syncronization of time for CCTV and all biometric device', NULL, '1', 'MIS', 1),
(270, 'MIS-TD-000212', 'Conduct Preventive Maintenance', NULL, '1', 'MIS', 1),
(271, 'MIS-TD-000213', 'Checking and Patch Deployment to workstation', NULL, '1', 'MIS', 1),
(272, 'MIS-TD-000214', 'Checking of CCTV and updating of record', NULL, '1', 'MIS', 1),
(273, 'MIS-TD-000215', 'Attending JO request', NULL, '1', 'MIS', 1),
(274, 'MIS-TD-000216', 'Syncronization of time for CCTV and all biometric device', NULL, '1', 'MIS', 1),
(275, 'FEM-TD-000040', 'Roving and inspection of electrical equipments.', NULL, '1', 'FEM', 1),
(276, 'FEM-TD-000041', 'Assist contractor (ICONS).', NULL, '1', 'FEM', 1),
(277, 'FEM-TD-000042', 'Roving and Inspection of all mechanical related equipment', NULL, '1', 'FEM', 1),
(278, 'FEM-TD-000043', 'Roving and inspection of electrical equipments.', NULL, '1', 'FEM', 1),
(279, 'FEM-TD-000044', 'Assist contractor (ICONS).', NULL, '1', 'FEM', 1),
(280, 'FEM-TD-000045', 'Inquire and submit documents to PEZA', NULL, '1', 'FEM', 1),
(281, 'FEM-TD-000046', 'Finalize christmas party venue layout ', NULL, '1', 'FEM', 1),
(282, 'FEM-TD-000047', 'Sending of Documents and Drawings to WPD', NULL, '1', 'FEM', 1),
(283, 'FEM-TD-000048', 'Check area for new incoming machine ', NULL, '1', 'FEM', 1),
(284, 'FEM-TD-000049', 'Gather Quotation for permit processing of GPI 9 sprinkler system', NULL, '1', 'FEM', 1),
(285, 'FEM-TD-000050', 'Roving and Inspection of all mechanical related equipment', NULL, '1', 'FEM', 1),
(286, 'FEM-TD-000051', 'Assist contractor (ICONS).', NULL, '1', 'FEM', 1),
(287, 'FEM-TD-000052', 'Roving and inspection of electrical equipments.', NULL, '1', 'FEM', 1),
(288, 'FEM-TD-000053', 'Assist contractor (ICONS).', NULL, '1', 'FEM', 1),
(289, 'FEM-TD-000054', 'Assist BFP Inspection at GPI 6 ', NULL, '1', 'FEM', 1),
(290, 'FEM-TD-000055', 'Roving and Inspection of all mechanical related equipment', NULL, '1', 'FEM', 1),
(291, 'FEM-TD-000056', 'Assist contractor (ICONS).', NULL, '1', 'FEM', 1),
(292, 'FEM-TD-000057', 'Assist BFP Inspection at GPI 6 ', NULL, '1', 'FEM', 1),
(293, 'FEM-TD-000058', 'Roving and inspection of electrical equipments.', NULL, '1', 'FEM', 1),
(294, 'FEM-TD-000059', 'Assist packing and groceries distribution.', NULL, '1', 'FEM', 1),
(295, 'FEM-TD-000060', 'Assist contractor (ICONS).', NULL, '1', 'FEM', 1),
(296, 'FEM-TD-000061', 'Roving and Inspection of all mechanical related equipment', NULL, '1', 'FEM', 1),
(297, 'FEM-TD-000062', 'Assist packing and groceries distribution.', NULL, '1', 'FEM', 1),
(298, 'FEM-TD-000063', 'Assist contractor (ICONS).', NULL, '1', 'FEM', 1),
(299, 'FEM-TD-000064', 'Roving and inspection of electrical equipments.', NULL, '1', 'FEM', 1),
(300, 'FEM-TD-000065', 'Assist contractor (ICONS).', NULL, '1', 'FEM', 1),
(301, 'FEM-TD-000066', 'Roving and Inspection of all mechanical related equipment', NULL, '1', 'FEM', 1),
(302, 'FEM-TD-000067', 'Follow up WPD on drawings and documents for sprinkler system', NULL, '1', 'FEM', 1),
(303, 'FEM-TD-000068', 'Assist contractor (ICONS).', NULL, '1', 'FEM', 1),
(304, 'FEM-TD-000069', 'Follow up FTR for PTO application of new machines', NULL, '1', 'FEM', 1),
(305, 'FEM-TD-000070', 'Roving and inspection of electrical equipments.', NULL, '1', 'FEM', 1),
(306, 'FEM-TD-000071', 'Assist contractor (ICONS).', NULL, '1', 'FEM', 1),
(307, 'FEM-TD-000072', 'Roving and Inspection of all mechanical related equipment', NULL, '1', 'FEM', 1),
(308, 'FEM-TD-000073', 'Assist contractor (ICONS).', NULL, '1', 'FEM', 1),
(309, 'FEM-TD-000074', 'Roving and inspection of electrical equipments.', NULL, '1', 'FEM', 1),
(310, 'FEM-TD-000075', 'Assist contractor (ICONS).', NULL, '1', 'FEM', 1),
(311, 'FEM-TD-000076', 'Roving and Inspection of all mechanical related equipment', NULL, '1', 'FEM', 1),
(312, 'FEM-TD-000077', 'Assist contractor (ICONS).', NULL, '1', 'FEM', 1),
(313, 'FEM-TD-000078', 'Prepare Monthly schedule', NULL, '1', 'FEM', 1),
(314, 'FEM-TD-000079', 'Roving and inspection of electrical equipments.', NULL, '1', 'FEM', 1),
(315, 'FEM-TD-000080', 'Assist contractor (ICONS).', NULL, '1', 'FEM', 1),
(316, 'FEM-TD-000081', 'Roving and Inspection of all mechanical related equipment', NULL, '1', 'FEM', 1),
(317, 'FEM-TD-000082', 'Assist contractor (ICONS).', NULL, '1', 'FEM', 1),
(318, 'FEM-TD-000083', 'Meeting with Icons', NULL, '1', 'FEM', 1),
(319, 'FEM-TD-000084', 'Christmas party venue preparation', NULL, '1', 'FEM', 1),
(320, 'FEM-TD-000085', 'Roving and inspection of electrical equipments.', NULL, '1', 'FEM', 1),
(321, 'FEM-TD-000086', 'Assist contractor (ICONS).', NULL, '1', 'FEM', 1),
(322, 'FEM-TD-000087', 'Roving and Inspection of all mechanical related equipment', NULL, '1', 'FEM', 1),
(323, 'FEM-TD-000088', 'Assist contractor (ICONS).', NULL, '1', 'FEM', 1),
(324, 'FEM-TD-000089', 'Meeting with Icons', NULL, '1', 'FEM', 1),
(325, 'FEM-TD-000090', 'Christmas party venue preparation', NULL, '1', 'FEM', 1),
(326, 'SK-TD-000020', 'System Development- System Kaizen Helpdesk', NULL, '2', 'SK', 1);

--
-- Indexes for dumped tables
--

--
-- Indexes for table `access`
--
ALTER TABLE `access`
  ADD PRIMARY KEY (`id`);

--
-- Indexes for table `accounts`
--
ALTER TABLE `accounts`
  ADD PRIMARY KEY (`id`);

--
-- Indexes for table `attendance`
--
ALTER TABLE `attendance`
  ADD PRIMARY KEY (`id`);

--
-- Indexes for table `day_off`
--
ALTER TABLE `day_off`
  ADD PRIMARY KEY (`id`);

--
-- Indexes for table `section`
--
ALTER TABLE `section`
  ADD PRIMARY KEY (`id`);

--
-- Indexes for table `tasks`
--
ALTER TABLE `tasks`
  ADD PRIMARY KEY (`id`);

--
-- Indexes for table `tasks_details`
--
ALTER TABLE `tasks_details`
  ADD PRIMARY KEY (`id`);

--
-- Indexes for table `task_class`
--
ALTER TABLE `task_class`
  ADD PRIMARY KEY (`id`);

--
-- Indexes for table `task_list`
--
ALTER TABLE `task_list`
  ADD PRIMARY KEY (`id`);

--
-- AUTO_INCREMENT for dumped tables
--

--
-- AUTO_INCREMENT for table `access`
--
ALTER TABLE `access`
  MODIFY `id` int(11) NOT NULL AUTO_INCREMENT, AUTO_INCREMENT=4;

--
-- AUTO_INCREMENT for table `accounts`
--
ALTER TABLE `accounts`
  MODIFY `id` int(11) NOT NULL AUTO_INCREMENT, AUTO_INCREMENT=25;

--
-- AUTO_INCREMENT for table `attendance`
--
ALTER TABLE `attendance`
  MODIFY `id` int(11) NOT NULL AUTO_INCREMENT, AUTO_INCREMENT=12;

--
-- AUTO_INCREMENT for table `day_off`
--
ALTER TABLE `day_off`
  MODIFY `id` int(11) NOT NULL AUTO_INCREMENT, AUTO_INCREMENT=7;

--
-- AUTO_INCREMENT for table `section`
--
ALTER TABLE `section`
  MODIFY `id` int(11) NOT NULL AUTO_INCREMENT, AUTO_INCREMENT=4;

--
-- AUTO_INCREMENT for table `tasks`
--
ALTER TABLE `tasks`
  MODIFY `id` int(50) NOT NULL AUTO_INCREMENT, AUTO_INCREMENT=326;

--
-- AUTO_INCREMENT for table `tasks_details`
--
ALTER TABLE `tasks_details`
  MODIFY `id` int(11) NOT NULL AUTO_INCREMENT, AUTO_INCREMENT=356;

--
-- AUTO_INCREMENT for table `task_class`
--
ALTER TABLE `task_class`
  MODIFY `id` int(50) NOT NULL AUTO_INCREMENT, AUTO_INCREMENT=6;

--
-- AUTO_INCREMENT for table `task_list`
--
ALTER TABLE `task_list`
  MODIFY `id` int(50) NOT NULL AUTO_INCREMENT, AUTO_INCREMENT=327;

DELIMITER $$
--
-- Events
--
CREATE DEFINER=`root`@`localhost` EVENT `InsertToTask` ON SCHEDULE EVERY 1 DAY STARTS '2023-11-28 13:05:00' ON COMPLETION PRESERVE ENABLE DO IF NOT UTC_TIMESTAMP() IN (SELECT date_created from tasks_details) 
AND NOT DAYOFWEEK(UTC_TIMESTAMP()) IN (1) 
AND NOT UTC_TIMESTAMP() IN (SELECT date_off from day_off) THEN

INSERT INTO tasks_details(task_code,date_created,due_date,in_charge,status, date_accomplished, task_status)

SELECT DISTINCT task_code,UTC_TIMESTAMP(),UTC_TIMESTAMP(),in_charge,'NOT YET STARTED',null,true
FROM tasks
WHERE task_code LIKE '%TD%';
END IF$$

DELIMITER ;
COMMIT;

/*!40101 SET CHARACTER_SET_CLIENT=@OLD_CHARACTER_SET_CLIENT */;
/*!40101 SET CHARACTER_SET_RESULTS=@OLD_CHARACTER_SET_RESULTS */;
/*!40101 SET COLLATION_CONNECTION=@OLD_COLLATION_CONNECTION */;
